date,rf_annual
2013-01-02,-0.00023000
2013-01-03,-0.00019000
2013-01-04,-0.00017000
2013-01-07,-0.00019000
2013-01-08,-0.00018000
2013-01-09,-0.00016000
2013-01-10,-0.00016000
2013-01-11,-0.00018000
2013-01-14,-0.00020000
2013-01-15,-0.00021000
2013-01-16,-0.00018000
2013-01-17,-0.00017000
2013-01-18,-0.00017000
2013-01-21,-0.00017000
2013-01-22,-0.00016000
2013-01-23,-0.00017000
2013-01-24,-0.00017000
2013-01-25,-0.00014000
2013-01-28,-0.00012000
2013-01-29,-0.00011000
2013-01-30,-0.00004000
2013-01-31,-0.00005000
2013-02-01,-0.00004000
2013-02-04,-0.00006000
2013-02-05,-0.00011000
2013-02-06,-0.00018000
2013-02-07,-0.00017000
2013-02-08,-0.00017000
2013-02-11,-0.00013000
2013-02-12,-0.00012000
2013-02-13,-0.00021000
2013-02-14,-0.00019000
2013-02-15,-0.00025000
2013-02-18,-0.00027000
2013-02-19,-0.00023000
2013-02-20,-0.00016000
2013-02-21,-0.00015000
2013-02-22,-0.00014000
2013-02-25,-0.00021000
2013-02-26,-0.00020000
2013-02-27,-0.00029000
2013-02-28,-0.00019000
2013-03-01,-0.00026000
2013-03-04,-0.00025000
2013-03-05,-0.00024000
2013-03-06,-0.00015000
2013-03-07,-0.00022000
2013-03-08,-0.00025000
2013-03-11,-0.00021000
2013-03-12,-0.00017000
2013-03-13,-0.00017000
2013-03-14,-0.00017000
2013-03-15,-0.00015000
2013-03-18,-0.00016000
2013-03-19,-0.00021000
2013-03-20,-0.00020000
2013-03-21,-0.00023000
2013-03-22,-0.00024000
2013-03-25,-0.00021000
2013-03-26,-0.00021000
2013-03-27,-0.00018000
2013-03-28,0.00027000
2013-04-02,-0.00015000
2013-04-03,-0.00013000
2013-04-04,-0.00011000
2013-04-05,-0.00010000
2013-04-08,-0.00003000
2013-04-09,-0.00007000
2013-04-10,-0.00003000
2013-04-11,0.00001000
2013-04-12,-0.00003000
2013-04-15,-0.00002000
2013-04-16,-0.00005000
2013-04-17,-0.00007000
2013-04-18,-0.00005000
2013-04-19,-0.00002000
2013-04-22,-0.00003000
2013-04-23,-0.00006000
2013-04-24,-0.00002000
2013-04-25,-0.00002000
2013-04-26,-0.00003000
2013-04-29,0.00000000
2013-04-30,0.00017000
2013-05-02,-0.00007000
2013-05-03,-0.00008000
2013-05-06,-0.00002000
2013-05-07,-0.00010000
2013-05-08,-0.00021000
2013-05-09,-0.00013000
2013-05-10,-0.00011000
2013-05-13,0.00001000
2013-05-14,-0.00004000
2013-05-15,-0.00007000
2013-05-16,-0.00003000
2013-05-17,-0.00019000
2013-05-20,-0.00016000
2013-05-21,-0.00009000
2013-05-22,-0.00002000
2013-05-23,-0.00007000
2013-05-24,-0.00004000
2013-05-27,-0.00003000
2013-05-28,-0.00001000
2013-05-29,-0.00009000
2013-05-30,-0.00012000
2013-05-31,0.00029000
2013-06-03,-0.00007000
2013-06-04,-0.00007000
2013-06-05,-0.00004000
2013-06-06,-0.00002000
2013-06-07,-0.00007000
2013-06-10,-0.00003000
2013-06-11,-0.00010000
2013-06-12,-0.00008000
2013-06-13,-0.00011000
2013-06-14,-0.00010000
2013-06-17,-0.00005000
2013-06-18,-0.00012000
2013-06-19,-0.00003000
2013-06-20,-0.00003000
2013-06-21,-0.00001000
2013-06-24,-0.00001000
2013-06-25,-0.00006000
2013-06-26,-0.00001000
2013-06-27,0.00001000
2013-06-28,0.00123000
2013-07-01,0.00000000
2013-07-02,-0.00003000
2013-07-03,-0.00003000
2013-07-04,0.00002000
2013-07-05,0.00002000
2013-07-08,-0.00001000
2013-07-09,-0.00002000
2013-07-10,0.00003000
2013-07-11,0.00005000
2013-07-12,0.00002000
2013-07-15,0.00001000
2013-07-16,-0.00002000
2013-07-17,0.00005000
2013-07-18,0.00006000
2013-07-19,0.00013000
2013-07-22,0.00016000
2013-07-23,0.00020000
2013-07-24,0.00019000
2013-07-25,0.00013000
2013-07-26,0.00012000
2013-07-29,0.00007000
2013-07-30,0.00014000
2013-07-31,0.00058000
2013-08-01,0.00008000
2013-08-02,-0.00001000
2013-08-05,-0.00002000
2013-08-06,-0.00007000
2013-08-07,0.00014000
2013-08-08,-0.00001000
2013-08-09,-0.00003000
2013-08-12,-0.00006000
2013-08-13,-0.00008000
2013-08-14,-0.00005000
2013-08-15,-0.00008000
2013-08-16,-0.00007000
2013-08-19,-0.00006000
2013-08-20,-0.00007000
2013-08-21,-0.00007000
2013-08-22,-0.00006000
2013-08-23,-0.00008000
2013-08-26,-0.00007000
2013-08-27,-0.00005000
2013-08-28,-0.00007000
2013-08-29,-0.00009000
2013-08-30,0.00022000
2013-09-02,-0.00006000
2013-09-03,-0.00005000
2013-09-04,-0.00012000
2013-09-05,-0.00016000
2013-09-06,-0.00010000
2013-09-09,-0.00017000
2013-09-10,-0.00014000
2013-09-11,-0.00012000
2013-09-12,-0.00017000
2013-09-13,-0.00013000
2013-09-16,-0.00012000
2013-09-17,-0.00010000
2013-09-18,-0.00007000
2013-09-19,-0.00010000
2013-09-20,-0.00007000
2013-09-23,-0.00005000
2013-09-24,-0.00008000
2013-09-25,-0.00008000
2013-09-26,-0.00003000
2013-09-27,0.00000000
2013-09-30,0.00094000
2013-10-01,-0.00005000
2013-10-02,-0.00006000
2013-10-03,-0.00006000
2013-10-04,-0.00001000
2013-10-07,-0.00003000
2013-10-08,-0.00001000
2013-10-09,-0.00004000
2013-10-10,-0.00005000
2013-10-11,0.00000000
2013-10-14,-0.00007000
2013-10-15,-0.00007000
2013-10-16,-0.00003000
2013-10-17,0.00003000
2013-10-18,0.00008000
2013-10-21,0.00006000
2013-10-22,0.00008000
2013-10-23,0.00009000
2013-10-24,0.00011000
2013-10-25,0.00011000
2013-10-28,0.00010000
2013-10-29,0.00013000
2013-10-30,0.00018000
2013-10-31,0.00143000
2013-11-01,0.00007000
2013-11-04,0.00007000
2013-11-05,0.00004000
2013-11-06,0.00001000
2013-11-07,-0.00007000
2013-11-08,-0.00008000
2013-11-11,-0.00009000
2013-11-12,-0.00011000
2013-11-13,-0.00015000
2013-11-14,-0.00009000
2013-11-15,-0.00006000
2013-11-18,-0.00001000
2013-11-19,0.00001000
2013-11-20,0.00006000
2013-11-21,0.00023000
2013-11-22,0.00032000
2013-11-25,0.00047000
2013-11-26,0.00046000
2013-11-27,0.00038000
2013-11-28,0.00042000
2013-11-29,0.00192000
2013-12-02,0.00027000
2013-12-03,0.00032000
2013-12-04,0.00041000
2013-12-05,0.00042000
2013-12-06,0.00042000
2013-12-09,0.00040000
2013-12-10,0.00046000
2013-12-11,0.00059000
2013-12-12,0.00054000
2013-12-13,0.00065000
2013-12-16,0.00098000
2013-12-17,0.00121000
2013-12-18,0.00091000
2013-12-19,0.00074000
2013-12-20,0.00076000
2013-12-23,0.00073000
2013-12-24,0.00086000
2013-12-27,0.00107000
2013-12-30,0.00138000
2013-12-31,0.00361000
2014-01-02,0.00067000
2014-01-03,0.00026000
2014-01-06,0.00011000
2014-01-07,0.00014000
2014-01-08,0.00052000
2014-01-09,0.00071000
2014-01-10,0.00069000
2014-01-13,0.00068000
2014-01-14,0.00062000
2014-01-15,0.00125000
2014-01-16,0.00215000
2014-01-17,0.00258000
2014-01-20,0.00274000
2014-01-21,0.00266000
2014-01-22,0.00153000
2014-01-23,0.00125000
2014-01-24,0.00106000
2014-01-27,0.00103000
2014-01-28,0.00094000
2014-01-29,0.00072000
2014-01-30,0.00070000
2014-01-31,0.00143000
2014-02-03,0.00055000
2014-02-04,0.00048000
2014-02-05,0.00060000
2014-02-06,0.00047000
2014-02-07,0.00046000
2014-02-10,0.00042000
2014-02-11,0.00037000
2014-02-12,0.00085000
2014-02-13,0.00074000
2014-02-14,0.00059000
2014-02-17,0.00065000
2014-02-18,0.00068000
2014-02-19,0.00079000
2014-02-20,0.00084000
2014-02-21,0.00086000
2014-02-24,0.00084000
2014-02-25,0.00081000
2014-02-26,0.00083000
2014-02-27,0.00077000
2014-02-28,0.00174000
2014-03-03,0.00071000
2014-03-04,0.00072000
2014-03-05,0.00079000
2014-03-06,0.00078000
2014-03-07,0.00074000
2014-03-10,0.00082000
2014-03-11,0.00086000
2014-03-12,0.00087000
2014-03-13,0.00085000
2014-03-14,0.00073000
2014-03-17,0.00077000
2014-03-18,0.00075000
2014-03-19,0.00083000
2014-03-20,0.00078000
2014-03-21,0.00085000
2014-03-24,0.00084000
2014-03-25,0.00087000
2014-03-26,0.00086000
2014-03-27,0.00089000
2014-03-28,0.00110000
2014-03-31,0.00603000
2014-04-01,0.00109000
2014-04-02,0.00127000
2014-04-03,0.00133000
2014-04-04,0.00127000
2014-04-07,0.00139000
2014-04-08,0.00131000
2014-04-09,0.00124000
2014-04-10,0.00122000
2014-04-11,0.00124000
2014-04-14,0.00124000
2014-04-15,0.00122000
2014-04-16,0.00119000
2014-04-17,0.00136000
2014-04-22,0.00132000
2014-04-23,0.00153000
2014-04-24,0.00209000
2014-04-25,0.00246000
2014-04-28,0.00313000
2014-04-29,0.00372000
2014-04-30,0.00315000
2014-05-02,0.00074000
2014-05-05,0.00041000
2014-05-06,0.00023000
2014-05-07,0.00175000
2014-05-08,0.00154000
2014-05-09,0.00137000
2014-05-12,0.00106000
2014-05-13,0.00099000
2014-05-14,0.00092000
2014-05-15,0.00087000
2014-05-16,0.00084000
2014-05-19,0.00092000
2014-05-20,0.00111000
2014-05-21,0.00186000
2014-05-22,0.00252000
2014-05-23,0.00311000
2014-05-26,0.00340000
2014-05-27,0.00384000
2014-05-28,0.00154000
2014-05-29,0.00159000
2014-05-30,0.00363000
2014-06-02,0.00141000
2014-06-03,0.00106000
2014-06-04,0.00057000
2014-06-05,0.00019000
2014-06-06,-0.00018000
2014-06-09,-0.00032000
2014-06-10,-0.00020000
2014-06-11,-0.00025000
2014-06-12,-0.00042000
2014-06-13,-0.00059000
2014-06-16,-0.00058000
2014-06-17,-0.00055000
2014-06-18,-0.00070000
2014-06-19,-0.00075000
2014-06-20,-0.00060000
2014-06-23,-0.00054000
2014-06-24,-0.00049000
2014-06-25,-0.00042000
2014-06-26,-0.00049000
2014-06-27,-0.00060000
2014-06-30,0.00251000
2014-07-01,-0.00059000
2014-07-02,-0.00062000
2014-07-03,-0.00053000
2014-07-04,-0.00053000
2014-07-07,-0.00056000
2014-07-08,-0.00058000
2014-07-09,-0.00052000
2014-07-10,-0.00049000
2014-07-11,-0.00035000
2014-07-14,-0.00033000
2014-07-15,-0.00051000
2014-07-16,-0.00049000
2014-07-17,-0.00046000
2014-07-18,-0.00048000
2014-07-21,-0.00037000
2014-07-22,-0.00044000
2014-07-23,-0.00038000
2014-07-24,-0.00043000
2014-07-25,-0.00042000
2014-07-28,-0.00041000
2014-07-29,-0.00053000
2014-07-30,-0.00050000
2014-07-31,0.00092000
2014-08-01,-0.00062000
2014-08-04,-0.00056000
2014-08-05,-0.00054000
2014-08-06,-0.00064000
2014-08-07,-0.00071000
2014-08-08,-0.00066000
2014-08-11,-0.00075000
2014-08-12,-0.00076000
2014-08-13,-0.00066000
2014-08-14,-0.00071000
2014-08-15,-0.00078000
2014-08-18,-0.00079000
2014-08-19,-0.00080000
2014-08-20,-0.00072000
2014-08-21,-0.00071000
2014-08-22,-0.00079000
2014-08-25,-0.00066000
2014-08-26,-0.00076000
2014-08-27,-0.00074000
2014-08-28,-0.00089000
2014-08-29,0.00016000
2014-09-01,-0.00098000
2014-09-02,-0.00092000
2014-09-03,-0.00091000
2014-09-04,-0.00082000
2014-09-05,-0.00085000
2014-09-08,-0.00082000
2014-09-09,-0.00073000
2014-09-10,-0.00109000
2014-09-11,-0.00101000
2014-09-12,-0.00099000
2014-09-15,-0.00096000
2014-09-16,-0.00078000
2014-09-17,-0.00078000
2014-09-18,-0.00082000
2014-09-19,-0.00078000
2014-09-22,-0.00083000
2014-09-23,-0.00070000
2014-09-24,-0.00063000
2014-09-25,-0.00088000
2014-09-26,-0.00102000
2014-09-29,-0.00107000
2014-09-30,0.00112000
2014-10-01,-0.00117000
2014-10-02,-0.00118000
2014-10-03,-0.00130000
2014-10-06,-0.00099000
2014-10-07,-0.00118000
2014-10-08,-0.00100000
2014-10-09,-0.00100000
2014-10-10,-0.00091000
2014-10-13,-0.00103000
2014-10-14,-0.00111000
2014-10-15,-0.00096000
2014-10-16,-0.00097000
2014-10-17,-0.00099000
2014-10-20,-0.00088000
2014-10-21,-0.00073000
2014-10-22,-0.00068000
2014-10-23,-0.00071000
2014-10-24,-0.00067000
2014-10-27,-0.00072000
2014-10-28,-0.00075000
2014-10-29,-0.00079000
2014-10-30,-0.00083000
2014-10-31,-0.00003000
2014-11-03,-0.00120000
2014-11-04,-0.00124000
2014-11-05,-0.00127000
2014-11-06,-0.00122000
2014-11-07,-0.00123000
2014-11-10,-0.00117000
2014-11-11,-0.00121000
2014-11-12,-0.00112000
2014-11-13,-0.00113000
2014-11-14,-0.00114000
2014-11-17,-0.00112000
2014-11-18,-0.00107000
2014-11-19,-0.00108000
2014-11-20,-0.00104000
2014-11-21,-0.00096000
2014-11-24,-0.00091000
2014-11-25,-0.00068000
2014-11-26,-0.00039000
2014-11-27,-0.00056000
2014-11-28,0.00043000
2014-12-01,-0.00092000
2014-12-02,-0.00110000
2014-12-03,-0.00108000
2014-12-04,-0.00121000
2014-12-05,-0.00123000
2014-12-08,-0.00137000
2014-12-09,-0.00125000
2014-12-10,-0.00110000
2014-12-11,-0.00099000
2014-12-12,-0.00106000
2014-12-15,-0.00101000
2014-12-16,-0.00104000
2014-12-17,-0.00111000
2014-12-18,-0.00115000
2014-12-19,-0.00140000
2014-12-22,-0.00136000
2014-12-23,-0.00162000
2014-12-24,-0.00170000
2014-12-29,-0.00145000
2014-12-30,-0.00162000
2014-12-31,0.00059000
2015-01-02,-0.00164000
2015-01-05,-0.00159000
2015-01-06,-0.00160000
2015-01-07,-0.00154000
2015-01-08,-0.00155000
2015-01-09,-0.00132000
2015-01-12,-0.00148000
2015-01-13,-0.00154000
2015-01-14,-0.00152000
2015-01-15,-0.00152000
2015-01-16,-0.00166000
2015-01-19,-0.00160000
2015-01-20,-0.00166000
2015-01-21,-0.00153000
2015-01-22,-0.00121000
2015-01-23,-0.00104000
2015-01-26,-0.00118000
2015-01-27,-0.00104000
2015-01-28,-0.00114000
2015-01-29,-0.00113000
2015-01-30,0.00001000
2015-02-02,-0.00109000
2015-02-03,-0.00119000
2015-02-04,-0.00122000
2015-02-05,-0.00111000
2015-02-06,-0.00122000
2015-02-09,-0.00127000
2015-02-10,-0.00126000
2015-02-11,-0.00133000
2015-02-12,-0.00130000
2015-02-13,-0.00131000
2015-02-16,-0.00134000
2015-02-17,-0.00125000
2015-02-18,-0.00123000
2015-02-19,-0.00119000
2015-02-20,-0.00128000
2015-02-23,-0.00129000
2015-02-24,-0.00133000
2015-02-25,-0.00131000
2015-02-26,-0.00147000
2015-02-27,-0.00021000
2015-03-02,-0.00140000
2015-03-03,-0.00148000
2015-03-04,-0.00145000
2015-03-05,-0.00141000
2015-03-06,-0.00149000
2015-03-09,-0.00149000
2015-03-10,-0.00149000
2015-03-11,-0.00140000
2015-03-12,-0.00140000
2015-03-13,-0.00125000
2015-03-16,-0.00143000
2015-03-17,-0.00126000
2015-03-18,-0.00142000
2015-03-19,-0.00125000
2015-03-20,-0.00140000
2015-03-23,-0.00133000
2015-03-24,-0.00144000
2015-03-25,-0.00148000
2015-03-26,-0.00143000
2015-03-27,-0.00138000
2015-03-30,-0.00135000
2015-03-31,-0.00035000
2015-04-01,-0.00155000
2015-04-02,-0.00164000
2015-04-07,-0.00165000
2015-04-08,-0.00159000
2015-04-09,-0.00141000
2015-04-10,-0.00155000
2015-04-13,-0.00157000
2015-04-14,-0.00174000
2015-04-15,-0.00159000
2015-04-16,-0.00178000
2015-04-17,-0.00158000
2015-04-20,-0.00164000
2015-04-21,-0.00169000
2015-04-22,-0.00162000
2015-04-23,-0.00165000
2015-04-24,-0.00166000
2015-04-27,-0.00166000
2015-04-28,-0.00164000
2015-04-29,-0.00157000
2015-04-30,-0.00112000
2015-05-04,-0.00169000
2015-05-05,-0.00170000
2015-05-06,-0.00173000
2015-05-07,-0.00174000
2015-05-08,-0.00172000
2015-05-11,-0.00174000
2015-05-12,-0.00176000
2015-05-13,-0.00222000
2015-05-14,-0.00228000
2015-05-15,-0.00195000
2015-05-18,-0.00190000
2015-05-19,-0.00191000
2015-05-20,-0.00190000
2015-05-21,-0.00191000
2015-05-22,-0.00225000
2015-05-25,-0.00228000
2015-05-26,-0.00194000
2015-05-27,-0.00199000
2015-05-28,-0.00189000
2015-05-29,-0.00165000
2015-06-01,-0.00191000
2015-06-02,-0.00207000
2015-06-03,-0.00228000
2015-06-04,-0.00223000
2015-06-05,-0.00200000
2015-06-08,-0.00212000
2015-06-09,-0.00211000
2015-06-10,-0.00202000
2015-06-11,-0.00205000
2015-06-12,-0.00210000
2015-06-15,-0.00204000
2015-06-16,-0.00210000
2015-06-17,-0.00195000
2015-06-18,-0.00203000
2015-06-19,-0.00205000
2015-06-22,-0.00212000
2015-06-23,-0.00206000
2015-06-24,-0.00196000
2015-06-25,-0.00201000
2015-06-26,-0.00208000
2015-06-29,-0.00203000
2015-06-30,-0.00145000
2015-07-01,-0.00208000
2015-07-02,-0.00206000
2015-07-03,-0.00201000
2015-07-06,-0.00207000
2015-07-07,-0.00205000
2015-07-08,-0.00203000
2015-07-09,-0.00206000
2015-07-10,-0.00205000
2015-07-13,-0.00203000
2015-07-14,-0.00197000
2015-07-15,-0.00207000
2015-07-16,-0.00209000
2015-07-17,-0.00207000
2015-07-20,-0.00201000
2015-07-21,-0.00206000
2015-07-22,-0.00205000
2015-07-23,-0.00200000
2015-07-24,-0.00199000
2015-07-27,-0.00202000
2015-07-28,-0.00199000
2015-07-29,-0.00198000
2015-07-30,-0.00201000
2015-07-31,-0.00187000
2015-08-03,-0.00193000
2015-08-04,-0.00195000
2015-08-05,-0.00193000
2015-08-06,-0.00201000
2015-08-07,-0.00204000
2015-08-10,-0.00214000
2015-08-11,-0.00202000
2015-08-12,-0.00209000
2015-08-13,-0.00214000
2015-08-14,-0.00215000
2015-08-17,-0.00207000
2015-08-18,-0.00211000
2015-08-19,-0.00204000
2015-08-20,-0.00203000
2015-08-21,-0.00204000
2015-08-24,-0.00211000
2015-08-25,-0.00220000
2015-08-26,-0.00214000
2015-08-27,-0.00212000
2015-08-28,-0.00211000
2015-08-31,-0.00195000
2015-09-01,-0.00210000
2015-09-02,-0.00210000
2015-09-03,-0.00209000
2015-09-04,-0.00218000
2015-09-07,-0.00221000
2015-09-08,-0.00219000
2015-09-09,-0.00215000
2015-09-10,-0.00217000
2015-09-11,-0.00215000
2015-09-14,-0.00225000
2015-09-15,-0.00227000
2015-09-16,-0.00221000
2015-09-17,-0.00223000
2015-09-18,-0.00226000
2015-09-21,-0.00230000
2015-09-22,-0.00227000
2015-09-23,-0.00228000
2015-09-24,-0.00228000
2015-09-25,-0.00228000
2015-09-28,-0.00231000
2015-09-29,-0.00220000
2015-09-30,-0.00207000
2015-10-01,-0.00227000
2015-10-02,-0.00224000
2015-10-05,-0.00229000
2015-10-06,-0.00219000
2015-10-07,-0.00224000
2015-10-08,-0.00223000
2015-10-09,-0.00227000
2015-10-12,-0.00219000
2015-10-13,-0.00221000
2015-10-14,-0.00220000
2015-10-15,-0.00228000
2015-10-16,-0.00227000
2015-10-19,-0.00227000
2015-10-20,-0.00224000
2015-10-21,-0.00221000
2015-10-22,-0.00224000
2015-10-23,-0.00219000
2015-10-26,-0.00229000
2015-10-27,-0.00222000
2015-10-28,-0.00230000
2015-10-29,-0.00228000
2015-10-30,-0.00214000
2015-11-02,-0.00214000
2015-11-03,-0.00219000
2015-11-04,-0.00215000
2015-11-05,-0.00214000
2015-11-06,-0.00223000
2015-11-09,-0.00230000
2015-11-10,-0.00224000
2015-11-11,-0.00216000
2015-11-12,-0.00223000
2015-11-13,-0.00217000
2015-11-16,-0.00223000
2015-11-17,-0.00216000
2015-11-18,-0.00214000
2015-11-19,-0.00222000
2015-11-20,-0.00218000
2015-11-23,-0.00223000
2015-11-24,-0.00224000
2015-11-25,-0.00219000
2015-11-26,-0.00224000
2015-11-27,-0.00223000
2015-11-30,-0.00212000
2015-12-01,-0.00216000
2015-12-02,-0.00217000
2015-12-03,-0.00221000
2015-12-04,-0.00223000
2015-12-07,-0.00227000
2015-12-08,-0.00232000
2015-12-09,-0.00320000
2015-12-10,-0.00317000
2015-12-11,-0.00316000
2015-12-14,-0.00315000
2015-12-15,-0.00324000
2015-12-16,-0.00326000
2015-12-17,-0.00323000
2015-12-18,-0.00322000
2015-12-21,-0.00316000
2015-12-22,-0.00316000
2015-12-23,-0.00319000
2015-12-24,-0.00329000
2015-12-28,-0.00323000
2015-12-29,-0.00308000
2015-12-30,-0.00225000
2015-12-31,-0.00212000
2016-01-04,-0.00326000
2016-01-05,-0.00336000
2016-01-06,-0.00338000
2016-01-07,-0.00318000
2016-01-08,-0.00320000
2016-01-11,-0.00321000
2016-01-12,-0.00318000
2016-01-13,-0.00322000
2016-01-14,-0.00325000
2016-01-15,-0.00324000
2016-01-18,-0.00325000
2016-01-19,-0.00324000
2016-01-20,-0.00323000
2016-01-21,-0.00325000
2016-01-22,-0.00326000
2016-01-25,-0.00323000
2016-01-26,-0.00321000
2016-01-27,-0.00322000
2016-01-28,-0.00324000
2016-01-29,-0.00313000
2016-02-01,-0.00322000
2016-02-02,-0.00317000
2016-02-03,-0.00332000
2016-02-04,-0.00316000
2016-02-05,-0.00321000
2016-02-08,-0.00327000
2016-02-09,-0.00322000
2016-02-10,-0.00322000
2016-02-11,-0.00324000
2016-02-12,-0.00325000
2016-02-15,-0.00328000
2016-02-16,-0.00327000
2016-02-17,-0.00329000
2016-02-18,-0.00329000
2016-02-19,-0.00328000
2016-02-22,-0.00327000
2016-02-23,-0.00331000
2016-02-24,-0.00332000
2016-02-25,-0.00334000
2016-02-26,-0.00328000
2016-02-29,-0.00312000
2016-03-01,-0.00323000
2016-03-02,-0.00319000
2016-03-03,-0.00323000
2016-03-04,-0.00321000
2016-03-07,-0.00324000
2016-03-08,-0.00319000
2016-03-09,-0.00321000
2016-03-10,-0.00327000
2016-03-11,-0.00327000
2016-03-14,-0.00328000
2016-03-15,-0.00333000
2016-03-16,-0.00424000
2016-03-17,-0.00432000
2016-03-18,-0.00430000
2016-03-21,-0.00430000
2016-03-22,-0.00429000
2016-03-23,-0.00431000
2016-03-24,-0.00434000
2016-03-29,-0.00432000
2016-03-30,-0.00432000
2016-03-31,-0.00388000
2016-04-01,-0.00420000
2016-04-04,-0.00416000
2016-04-05,-0.00417000
2016-04-06,-0.00419000
2016-04-07,-0.00415000
2016-04-08,-0.00419000
2016-04-11,-0.00418000
2016-04-12,-0.00426000
2016-04-13,-0.00422000
2016-04-14,-0.00425000
2016-04-15,-0.00426000
2016-04-18,-0.00433000
2016-04-19,-0.00425000
2016-04-20,-0.00428000
2016-04-21,-0.00427000
2016-04-22,-0.00425000
2016-04-25,-0.00426000
2016-04-26,-0.00427000
2016-04-27,-0.00425000
2016-04-28,-0.00422000
2016-04-29,-0.00418000
2016-05-02,-0.00423000
2016-05-03,-0.00416000
2016-05-04,-0.00421000
2016-05-05,-0.00426000
2016-05-06,-0.00414000
2016-05-09,-0.00411000
2016-05-10,-0.00418000
2016-05-11,-0.00420000
2016-05-12,-0.00427000
2016-05-13,-0.00426000
2016-05-16,-0.00432000
2016-05-17,-0.00419000
2016-05-18,-0.00422000
2016-05-19,-0.00425000
2016-05-20,-0.00420000
2016-05-23,-0.00423000
2016-05-24,-0.00425000
2016-05-25,-0.00427000
2016-05-26,-0.00441000
2016-05-27,-0.00431000
2016-05-30,-0.00430000
2016-05-31,-0.00409000
2016-06-01,-0.00418000
2016-06-02,-0.00415000
2016-06-03,-0.00423000
2016-06-06,-0.00416000
2016-06-07,-0.00418000
2016-06-08,-0.00422000
2016-06-09,-0.00416000
2016-06-10,-0.00414000
2016-06-13,-0.00412000
2016-06-14,-0.00415000
2016-06-15,-0.00419000
2016-06-16,-0.00420000
2016-06-17,-0.00426000
2016-06-20,-0.00426000
2016-06-21,-0.00420000
2016-06-22,-0.00425000
2016-06-23,-0.00430000
2016-06-24,-0.00408000
2016-06-27,-0.00421000
2016-06-28,-0.00422000
2016-06-29,-0.00422000
2016-06-30,-0.00378000
2016-07-01,-0.00406000
2016-07-04,-0.00400000
2016-07-05,-0.00408000
2016-07-06,-0.00411000
2016-07-07,-0.00414000
2016-07-08,-0.00406000
2016-07-11,-0.00411000
2016-07-12,-0.00409000
2016-07-13,-0.00411000
2016-07-14,-0.00417000
2016-07-15,-0.00418000
2016-07-18,-0.00419000
2016-07-19,-0.00421000
2016-07-20,-0.00418000
2016-07-21,-0.00420000
2016-07-22,-0.00420000
2016-07-25,-0.00419000
2016-07-26,-0.00419000
2016-07-27,-0.00416000
2016-07-28,-0.00420000
2016-07-29,-0.00406000
2016-08-01,-0.00415000
2016-08-02,-0.00416000
2016-08-03,-0.00417000
2016-08-04,-0.00422000
2016-08-05,-0.00424000
2016-08-08,-0.00427000
2016-08-09,-0.00423000
2016-08-10,-0.00418000
2016-08-11,-0.00429000
2016-08-12,-0.00432000
2016-08-15,-0.00431000
2016-08-16,-0.00421000
2016-08-17,-0.00423000
2016-08-18,-0.00424000
2016-08-19,-0.00427000
2016-08-22,-0.00426000
2016-08-23,-0.00425000
2016-08-24,-0.00424000
2016-08-25,-0.00426000
2016-08-26,-0.00428000
2016-08-29,-0.00430000
2016-08-30,-0.00426000
2016-08-31,-0.00414000
2016-09-01,-0.00423000
2016-09-02,-0.00424000
2016-09-05,-0.00424000
2016-09-06,-0.00426000
2016-09-07,-0.00439000
2016-09-08,-0.00422000
2016-09-09,-0.00427000
2016-09-12,-0.00429000
2016-09-13,-0.00431000
2016-09-14,-0.00427000
2016-09-15,-0.00430000
2016-09-16,-0.00431000
2016-09-19,-0.00432000
2016-09-20,-0.00431000
2016-09-21,-0.00432000
2016-09-22,-0.00427000
2016-09-23,-0.00430000
2016-09-26,-0.00430000
2016-09-27,-0.00428000
2016-09-28,-0.00431000
2016-09-29,-0.00428000
2016-09-30,-0.00414000
2016-10-03,-0.00406000
2016-10-04,-0.00429000
2016-10-05,-0.00427000
2016-10-06,-0.00431000
2016-10-07,-0.00434000
2016-10-10,-0.00430000
2016-10-11,-0.00433000
2016-10-12,-0.00432000
2016-10-13,-0.00433000
2016-10-14,-0.00435000
2016-10-17,-0.00437000
2016-10-18,-0.00434000
2016-10-19,-0.00436000
2016-10-20,-0.00434000
2016-10-21,-0.00433000
2016-10-24,-0.00435000
2016-10-25,-0.00437000
2016-10-26,-0.00436000
2016-10-27,-0.00439000
2016-10-28,-0.00436000
2016-10-31,-0.00417000
2016-11-01,-0.00433000
2016-11-02,-0.00428000
2016-11-03,-0.00428000
2016-11-04,-0.00428000
2016-11-07,-0.00429000
2016-11-08,-0.00429000
2016-11-09,-0.00441000
2016-11-10,-0.00438000
2016-11-11,-0.00435000
2016-11-14,-0.00432000
2016-11-15,-0.00434000
2016-11-16,-0.00441000
2016-11-17,-0.00434000
2016-11-18,-0.00435000
2016-11-21,-0.00434000
2016-11-22,-0.00436000
2016-11-23,-0.00433000
2016-11-24,-0.00437000
2016-11-25,-0.00435000
2016-11-28,-0.00438000
2016-11-29,-0.00436000
2016-11-30,-0.00428000
2016-12-01,-0.00429000
2016-12-02,-0.00432000
2016-12-05,-0.00432000
2016-12-06,-0.00436000
2016-12-07,-0.00434000
2016-12-08,-0.00431000
2016-12-09,-0.00433000
2016-12-12,-0.00435000
2016-12-13,-0.00437000
2016-12-14,-0.00436000
2016-12-15,-0.00441000
2016-12-16,-0.00439000
2016-12-19,-0.00439000
2016-12-20,-0.00439000
2016-12-21,-0.00438000
2016-12-22,-0.00439000
2016-12-23,-0.00441000
2016-12-27,-0.00440000
2016-12-28,-0.00439000
2016-12-29,-0.00440000
2016-12-30,-0.00414000
2017-01-02,-0.00441000
2017-01-03,-0.00433000
2017-01-04,-0.00430000
2017-01-05,-0.00439000
2017-01-06,-0.00441000
2017-01-09,-0.00436000
2017-01-10,-0.00436000
2017-01-11,-0.00436000
2017-01-12,-0.00438000
2017-01-13,-0.00437000
2017-01-16,-0.00438000
2017-01-17,-0.00437000
2017-01-18,-0.00437000
2017-01-19,-0.00436000
2017-01-20,-0.00436000
2017-01-23,-0.00438000
2017-01-24,-0.00438000
2017-01-25,-0.00439000
2017-01-26,-0.00437000
2017-01-27,-0.00436000
2017-01-30,-0.00435000
2017-01-31,-0.00430000
2017-02-01,-0.00432000
2017-02-02,-0.00436000
2017-02-03,-0.00433000
2017-02-06,-0.00436000
2017-02-07,-0.00434000
2017-02-08,-0.00435000
2017-02-09,-0.00438000
2017-02-10,-0.00437000
2017-02-13,-0.00439000
2017-02-14,-0.00438000
2017-02-15,-0.00438000
2017-02-16,-0.00439000
2017-02-17,-0.00440000
2017-02-20,-0.00439000
2017-02-21,-0.00441000
2017-02-22,-0.00445000
2017-02-23,-0.00441000
2017-02-24,-0.00444000
2017-02-27,-0.00442000
2017-02-28,-0.00430000
2017-03-01,-0.00435000
2017-03-02,-0.00436000
2017-03-03,-0.00434000
2017-03-06,-0.00437000
2017-03-07,-0.00438000
2017-03-08,-0.00438000
2017-03-09,-0.00438000
2017-03-10,-0.00437000
2017-03-13,-0.00438000
2017-03-14,-0.00439000
2017-03-15,-0.00439000
2017-03-16,-0.00439000
2017-03-17,-0.00438000
2017-03-20,-0.00435000
2017-03-21,-0.00432000
2017-03-22,-0.00442000
2017-03-23,-0.00442000
2017-03-24,-0.00441000
2017-03-27,-0.00442000
2017-03-28,-0.00442000
2017-03-29,-0.00442000
2017-03-30,-0.00441000
2017-03-31,-0.00440000
2017-04-03,-0.00438000
2017-04-04,-0.00436000
2017-04-05,-0.00437000
2017-04-06,-0.00438000
2017-04-07,-0.00438000
2017-04-10,-0.00442000
2017-04-11,-0.00443000
2017-04-12,-0.00444000
2017-04-13,-0.00443000
2017-04-18,-0.00444000
2017-04-19,-0.00444000
2017-04-20,-0.00443000
2017-04-21,-0.00443000
2017-04-24,-0.00443000
2017-04-25,-0.00447000
2017-04-26,-0.00448000
2017-04-27,-0.00447000
2017-04-28,-0.00436000
2017-05-02,-0.00441000
2017-05-03,-0.00442000
2017-05-04,-0.00442000
2017-05-05,-0.00442000
2017-05-08,-0.00441000
2017-05-09,-0.00442000
2017-05-10,-0.00443000
2017-05-11,-0.00446000
2017-05-12,-0.00443000
2017-05-15,-0.00443000
2017-05-16,-0.00452000
2017-05-17,-0.00444000
2017-05-18,-0.00447000
2017-05-19,-0.00445000
2017-05-22,-0.00444000
2017-05-23,-0.00445000
2017-05-24,-0.00444000
2017-05-25,-0.00450000
2017-05-26,-0.00444000
2017-05-29,-0.00446000
2017-05-30,-0.00446000
2017-05-31,-0.00433000
2017-06-01,-0.00440000
2017-06-02,-0.00416000
2017-06-05,-0.00458000
2017-06-06,-0.00443000
2017-06-07,-0.00447000
2017-06-08,-0.00443000
2017-06-09,-0.00445000
2017-06-12,-0.00443000
2017-06-13,-0.00443000
2017-06-14,-0.00443000
2017-06-15,-0.00446000
2017-06-16,-0.00440000
2017-06-19,-0.00445000
2017-06-20,-0.00447000
2017-06-21,-0.00447000
2017-06-22,-0.00447000
2017-06-23,-0.00447000
2017-06-26,-0.00447000
2017-06-27,-0.00447000
2017-06-28,-0.00447000
2017-06-29,-0.00445000
2017-06-30,-0.00435000
2017-07-03,-0.00441000
2017-07-04,-0.00442000
2017-07-05,-0.00442000
2017-07-06,-0.00444000
2017-07-07,-0.00444000
2017-07-10,-0.00445000
2017-07-11,-0.00445000
2017-07-12,-0.00444000
2017-07-13,-0.00445000
2017-07-14,-0.00446000
2017-07-17,-0.00447000
2017-07-18,-0.00447000
2017-07-19,-0.00447000
2017-07-20,-0.00447000
2017-07-21,-0.00446000
2017-07-24,-0.00446000
2017-07-25,-0.00447000
2017-07-26,-0.00446000
2017-07-27,-0.00446000
2017-07-28,-0.00444000
2017-07-31,-0.00433000
2017-08-01,-0.00441000
2017-08-02,-0.00439000
2017-08-03,-0.00435000
2017-08-04,-0.00441000
2017-08-07,-0.00438000
2017-08-08,-0.00440000
2017-08-09,-0.00439000
2017-08-10,-0.00438000
2017-08-11,-0.00441000
2017-08-14,-0.00440000
2017-08-15,-0.00441000
2017-08-16,-0.00443000
2017-08-17,-0.00443000
2017-08-18,-0.00443000
2017-08-21,-0.00443000
2017-08-22,-0.00443000
2017-08-23,-0.00443000
2017-08-24,-0.00442000
2017-08-25,-0.00443000
2017-08-28,-0.00443000
2017-08-29,-0.00445000
2017-08-30,-0.00445000
2017-08-31,-0.00430000
2017-09-01,-0.00442000
2017-09-04,-0.00441000
2017-09-05,-0.00442000
2017-09-06,-0.00441000
2017-09-07,-0.00442000
2017-09-08,-0.00433000
2017-09-11,-0.00442000
2017-09-12,-0.00443000
2017-09-13,-0.00443000
2017-09-14,-0.00444000
2017-09-15,-0.00445000
2017-09-18,-0.00448000
2017-09-19,-0.00446000
2017-09-20,-0.00445000
2017-09-21,-0.00451000
2017-09-22,-0.00444000
2017-09-25,-0.00445000
2017-09-26,-0.00444000
2017-09-27,-0.00446000
2017-09-28,-0.00445000
2017-09-29,-0.00434000
2017-10-02,-0.00441000
2017-10-03,-0.00441000
2017-10-04,-0.00444000
2017-10-05,-0.00444000
2017-10-06,-0.00444000
2017-10-09,-0.00445000
2017-10-10,-0.00446000
2017-10-11,-0.00447000
2017-10-12,-0.00446000
2017-10-13,-0.00444000
2017-10-16,-0.00444000
2017-10-17,-0.00446000
2017-10-18,-0.00445000
2017-10-19,-0.00445000
2017-10-20,-0.00446000
2017-10-23,-0.00447000
2017-10-24,-0.00446000
2017-10-25,-0.00447000
2017-10-26,-0.00449000
2017-10-27,-0.00445000
2017-10-30,-0.00433000
2017-10-31,-0.00433000
2017-11-01,-0.00435000
2017-11-02,-0.00437000
2017-11-03,-0.00438000
2017-11-06,-0.00439000
2017-11-07,-0.00442000
2017-11-08,-0.00441000
2017-11-09,-0.00440000
2017-11-10,-0.00442000
2017-11-13,-0.00441000
2017-11-14,-0.00441000
2017-11-15,-0.00442000
2017-11-16,-0.00443000
2017-11-17,-0.00444000
2017-11-20,-0.00443000
2017-11-21,-0.00444000
2017-11-22,-0.00443000
2017-11-23,-0.00444000
2017-11-24,-0.00444000
2017-11-27,-0.00450000
2017-11-28,-0.00447000
2017-11-29,-0.00386000
2017-11-30,-0.00326000
2017-12-01,-0.00376000
2017-12-04,-0.00404000
2017-12-05,-0.00409000
2017-12-06,-0.00411000
2017-12-07,-0.00412000
2017-12-08,-0.00414000
2017-12-11,-0.00415000
2017-12-12,-0.00430000
2017-12-13,-0.00445000
2017-12-14,-0.00447000
2017-12-15,-0.00448000
2017-12-18,-0.00443000
2017-12-19,-0.00435000
2017-12-20,-0.00440000
2017-12-21,-0.00438000
2017-12-22,-0.00438000
2017-12-27,-0.00442000
2017-12-28,-0.00440000
2017-12-29,-0.00431000
2018-01-02,-0.00455000
2018-01-03,-0.00441000
2018-01-04,-0.00441000
2018-01-05,-0.00442000
2018-01-08,-0.00442000
2018-01-09,-0.00443000
2018-01-10,-0.00455000
2018-01-11,-0.00445000
2018-01-12,-0.00444000
2018-01-15,-0.00454000
2018-01-16,-0.00455000
2018-01-17,-0.00448000
2018-01-18,-0.00455000
2018-01-19,-0.00447000
2018-01-22,-0.00448000
2018-01-23,-0.00448000
2018-01-24,-0.00448000
2018-01-25,-0.00448000
2018-01-26,-0.00449000
2018-01-29,-0.00448000
2018-01-30,-0.00446000
2018-01-31,-0.00440000
2018-02-01,-0.00448000
2018-02-02,-0.00448000
2018-02-05,-0.00451000
2018-02-06,-0.00452000
2018-02-07,-0.00450000
2018-02-08,-0.00448000
2018-02-09,-0.00450000
2018-02-12,-0.00448000
2018-02-13,-0.00447000
2018-02-14,-0.00449000
2018-02-15,-0.00448000
2018-02-16,-0.00451000
2018-02-19,-0.00453000
2018-02-20,-0.00454000
2018-02-21,-0.00453000
2018-02-22,-0.00454000
2018-02-23,-0.00453000
2018-02-26,-0.00455000
2018-02-27,-0.00446000
2018-02-28,-0.00436000
2018-03-01,-0.00446000
2018-03-02,-0.00447000
2018-03-05,-0.00447000
2018-03-06,-0.00450000
2018-03-07,-0.00448000
2018-03-08,-0.00446000
2018-03-09,-0.00446000
2018-03-12,-0.00448000
2018-03-13,-0.00449000
2018-03-14,-0.00448000
2018-03-15,-0.00451000
2018-03-16,-0.00451000
2018-03-19,-0.00453000
2018-03-20,-0.00453000
2018-03-21,-0.00452000
2018-03-22,-0.00453000
2018-03-23,-0.00451000
2018-03-26,-0.00452000
2018-03-27,-0.00453000
2018-03-28,-0.00450000
2018-03-29,-0.00433000
2018-04-03,-0.00447000
2018-04-04,-0.00448000
2018-04-05,-0.00452000
2018-04-06,-0.00453000
2018-04-09,-0.00451000
2018-04-10,-0.00451000
2018-04-11,-0.00450000
2018-04-12,-0.00449000
2018-04-13,-0.00449000
2018-04-16,-0.00452000
2018-04-17,-0.00453000
2018-04-18,-0.00453000
2018-04-19,-0.00453000
2018-04-20,-0.00453000
2018-04-23,-0.00453000
2018-04-24,-0.00452000
2018-04-25,-0.00451000
2018-04-26,-0.00452000
2018-04-27,-0.00452000
2018-04-30,-0.00440000
2018-05-02,-0.00443000
2018-05-03,-0.00444000
2018-05-04,-0.00445000
2018-05-07,-0.00448000
2018-05-08,-0.00448000
2018-05-09,-0.00444000
2018-05-10,-0.00446000
2018-05-11,-0.00446000
2018-05-14,-0.00445000
2018-05-15,-0.00446000
2018-05-16,-0.00454000
2018-05-17,-0.00450000
2018-05-18,-0.00456000
2018-05-21,-0.00451000
2018-05-22,-0.00449000
2018-05-23,-0.00450000
2018-05-24,-0.00449000
2018-05-25,-0.00451000
2018-05-28,-0.00452000
2018-05-29,-0.00448000
2018-05-30,-0.00442000
2018-05-31,-0.00438000
2018-06-01,-0.00443000
2018-06-04,-0.00441000
2018-06-05,-0.00445000
2018-06-06,-0.00442000
2018-06-07,-0.00441000
2018-06-08,-0.00442000
2018-06-11,-0.00445000
2018-06-12,-0.00447000
2018-06-13,-0.00447000
2018-06-14,-0.00449000
2018-06-15,-0.00450000
2018-06-18,-0.00450000
2018-06-19,-0.00448000
2018-06-20,-0.00449000
2018-06-21,-0.00450000
2018-06-22,-0.00449000
2018-06-25,-0.00448000
2018-06-26,-0.00449000
2018-06-27,-0.00453000
2018-06-28,-0.00451000
2018-06-29,-0.00443000
2018-07-02,-0.00446000
2018-07-03,-0.00449000
2018-07-04,-0.00448000
2018-07-05,-0.00446000
2018-07-06,-0.00447000
2018-07-09,-0.00446000
2018-07-10,-0.00447000
2018-07-11,-0.00447000
2018-07-12,-0.00448000
2018-07-13,-0.00447000
2018-07-16,-0.00449000
2018-07-17,-0.00450000
2018-07-18,-0.00451000
2018-07-19,-0.00451000
2018-07-20,-0.00452000
2018-07-23,-0.00451000
2018-07-24,-0.00451000
2018-07-25,-0.00450000
2018-07-26,-0.00451000
2018-07-27,-0.00451000
2018-07-30,-0.00448000
2018-07-31,-0.00443000
2018-08-01,-0.00443000
2018-08-02,-0.00443000
2018-08-03,-0.00440000
2018-08-06,-0.00446000
2018-08-07,-0.00441000
2018-08-08,-0.00442000
2018-08-09,-0.00442000
2018-08-10,-0.00442000
2018-08-13,-0.00442000
2018-08-14,-0.00444000
2018-08-15,-0.00447000
2018-08-16,-0.00444000
2018-08-17,-0.00445000
2018-08-20,-0.00446000
2018-08-21,-0.00448000
2018-08-22,-0.00448000
2018-08-23,-0.00448000
2018-08-24,-0.00448000
2018-08-27,-0.00448000
2018-08-28,-0.00448000
2018-08-29,-0.00449000
2018-08-30,-0.00444000
2018-08-31,-0.00427000
2018-09-03,-0.00441000
2018-09-04,-0.00438000
2018-09-05,-0.00441000
2018-09-06,-0.00442000
2018-09-07,-0.00446000
2018-09-10,-0.00443000
2018-09-11,-0.00449000
2018-09-12,-0.00456000
2018-09-13,-0.00450000
2018-09-14,-0.00451000
2018-09-17,-0.00451000
2018-09-18,-0.00452000
2018-09-19,-0.00450000
2018-09-20,-0.00451000
2018-09-21,-0.00452000
2018-09-24,-0.00451000
2018-09-25,-0.00452000
2018-09-26,-0.00452000
2018-09-27,-0.00450000
2018-09-28,-0.00436000
2018-10-01,-0.00448000
2018-10-02,-0.00450000
2018-10-03,-0.00450000
2018-10-04,-0.00449000
2018-10-05,-0.00447000
2018-10-08,-0.00450000
2018-10-09,-0.00450000
2018-10-10,-0.00452000
2018-10-11,-0.00451000
2018-10-12,-0.00453000
2018-10-15,-0.00454000
2018-10-16,-0.00455000
2018-10-17,-0.00456000
2018-10-18,-0.00455000
2018-10-19,-0.00453000
2018-10-22,-0.00454000
2018-10-23,-0.00454000
2018-10-24,-0.00454000
2018-10-25,-0.00453000
2018-10-26,-0.00454000
2018-10-29,-0.00455000
2018-10-30,-0.00451000
2018-10-31,-0.00426000
2018-11-01,-0.00438000
2018-11-02,-0.00447000
2018-11-05,-0.00447000
2018-11-06,-0.00447000
2018-11-07,-0.00447000
2018-11-08,-0.00448000
2018-11-09,-0.00446000
2018-11-12,-0.00445000
2018-11-13,-0.00447000
2018-11-14,-0.00445000
2018-11-15,-0.00453000
2018-11-16,-0.00447000
2018-11-19,-0.00447000
2018-11-20,-0.00447000
2018-11-21,-0.00448000
2018-11-22,-0.00447000
2018-11-23,-0.00447000
2018-11-26,-0.00447000
2018-11-27,-0.00447000
2018-11-28,-0.00450000
2018-11-29,-0.00448000
2018-11-30,-0.00434000
2018-12-03,-0.00440000
2018-12-04,-0.00454000
2018-12-05,-0.00443000
2018-12-06,-0.00444000
2018-12-07,-0.00444000
2018-12-10,-0.00443000
2018-12-11,-0.00445000
2018-12-12,-0.00445000
2018-12-13,-0.00446000
2018-12-14,-0.00447000
2018-12-17,-0.00449000
2018-12-18,-0.00451000
2018-12-19,-0.00452000
2018-12-20,-0.00447000
2018-12-21,-0.00459000
2018-12-24,-0.00454000
2018-12-27,-0.00420000
2018-12-28,-0.00440000
2018-12-31,-0.00441000
2019-01-02,-0.00453000
2019-01-03,-0.00451000
2019-01-04,-0.00450000
2019-01-07,-0.00450000
2019-01-08,-0.00447000
2019-01-09,-0.00450000
2019-01-10,-0.00451000
2019-01-11,-0.00451000
2019-01-14,-0.00451000
2019-01-15,-0.00454000
2019-01-16,-0.00455000
2019-01-17,-0.00454000
2019-01-18,-0.00456000
2019-01-21,-0.00454000
2019-01-22,-0.00453000
2019-01-23,-0.00453000
2019-01-24,-0.00454000
2019-01-25,-0.00454000
2019-01-28,-0.00453000
2019-01-29,-0.00454000
2019-01-30,-0.00454000
2019-01-31,-0.00442000
2019-02-01,-0.00450000
2019-02-04,-0.00443000
2019-02-05,-0.00448000
2019-02-06,-0.00448000
2019-02-07,-0.00448000
2019-02-08,-0.00447000
2019-02-11,-0.00451000
2019-02-12,-0.00452000
2019-02-13,-0.00454000
2019-02-14,-0.00455000
2019-02-15,-0.00454000
2019-02-18,-0.00456000
2019-02-19,-0.00454000
2019-02-20,-0.00455000
2019-02-21,-0.00455000
2019-02-22,-0.00453000
2019-02-25,-0.00455000
2019-02-26,-0.00457000
2019-02-27,-0.00456000
2019-02-28,-0.00450000
2019-03-01,-0.00453000
2019-03-04,-0.00455000
2019-03-05,-0.00457000
2019-03-06,-0.00453000
2019-03-07,-0.00449000
2019-03-08,-0.00454000
2019-03-11,-0.00456000
2019-03-12,-0.00451000
2019-03-13,-0.00452000
2019-03-14,-0.00453000
2019-03-15,-0.00451000
2019-03-18,-0.00454000
2019-03-19,-0.00453000
2019-03-20,-0.00456000
2019-03-21,-0.00456000
2019-03-22,-0.00454000
2019-03-25,-0.00453000
2019-03-26,-0.00453000
2019-03-27,-0.00455000
2019-03-28,-0.00451000
2019-03-29,-0.00441000
2019-04-01,-0.00451000
2019-04-02,-0.00452000
2019-04-03,-0.00453000
2019-04-04,-0.00453000
2019-04-05,-0.00453000
2019-04-08,-0.00455000
2019-04-09,-0.00453000
2019-04-10,-0.00452000
2019-04-11,-0.00452000
2019-04-12,-0.00449000
2019-04-15,-0.00451000
2019-04-16,-0.00451000
2019-04-17,-0.00454000
2019-04-18,-0.00451000
2019-04-23,-0.00452000
2019-04-24,-0.00454000
2019-04-25,-0.00451000
2019-04-26,-0.00455000
2019-04-29,-0.00454000
2019-04-30,-0.00444000
2019-05-02,-0.00447000
2019-05-03,-0.00441000
2019-05-06,-0.00446000
2019-05-07,-0.00448000
2019-05-08,-0.00451000
2019-05-09,-0.00449000
2019-05-10,-0.00450000
2019-05-13,-0.00453000
2019-05-14,-0.00451000
2019-05-15,-0.00453000
2019-05-16,-0.00456000
2019-05-17,-0.00455000
2019-05-20,-0.00455000
2019-05-21,-0.00456000
2019-05-22,-0.00455000
2019-05-23,-0.00453000
2019-05-24,-0.00451000
2019-05-27,-0.00454000
2019-05-28,-0.00455000
2019-05-29,-0.00455000
2019-05-30,-0.00457000
2019-05-31,-0.00444000
2019-06-03,-0.00450000
2019-06-04,-0.00450000
2019-06-05,-0.00451000
2019-06-06,-0.00452000
2019-06-07,-0.00337000
2019-06-10,-0.00453000
2019-06-11,-0.00455000
2019-06-12,-0.00452000
2019-06-13,-0.00446000
2019-06-14,-0.00453000
2019-06-17,-0.00454000
2019-06-18,-0.00453000
2019-06-19,-0.00464000
2019-06-20,-0.00459000
2019-06-21,-0.00453000
2019-06-24,-0.00444000
2019-06-25,-0.00455000
2019-06-26,-0.00455000
2019-06-27,-0.00450000
2019-06-28,-0.00445000
2019-07-01,-0.00451000
2019-07-02,-0.00452000
2019-07-03,-0.00453000
2019-07-04,-0.00452000
2019-07-05,-0.00452000
2019-07-08,-0.00453000
2019-07-09,-0.00453000
2019-07-10,-0.00453000
2019-07-11,-0.00451000
2019-07-12,-0.00451000
2019-07-15,-0.00453000
2019-07-16,-0.00455000
2019-07-17,-0.00455000
2019-07-18,-0.00453000
2019-07-19,-0.00454000
2019-07-22,-0.00454000
2019-07-23,-0.00454000
2019-07-24,-0.00450000
2019-07-25,-0.00446000
2019-07-26,-0.00451000
2019-07-29,-0.00453000
2019-07-30,-0.00450000
2019-07-31,-0.00443000
2019-08-01,-0.00446000
2019-08-02,-0.00442000
2019-08-05,-0.00441000
2019-08-06,-0.00445000
2019-08-07,-0.00444000
2019-08-08,-0.00437000
2019-08-09,-0.00443000
2019-08-12,-0.00445000
2019-08-13,-0.00444000
2019-08-14,-0.00446000
2019-08-15,-0.00447000
2019-08-16,-0.00449000
2019-08-19,-0.00449000
2019-08-20,-0.00448000
2019-08-21,-0.00454000
2019-08-22,-0.00446000
2019-08-23,-0.00446000
2019-08-26,-0.00447000
2019-08-27,-0.00450000
2019-08-28,-0.00454000
2019-08-29,-0.00450000
2019-08-30,-0.00444000
2019-09-02,-0.00447000
2019-09-03,-0.00448000
2019-09-04,-0.00447000
2019-09-05,-0.00445000
2019-09-06,-0.00447000
2019-09-09,-0.00448000
2019-09-10,-0.00450000
2019-09-11,-0.00451000
2019-09-12,-0.00451000
2019-09-13,-0.00454000
2019-09-16,-0.00452000
2019-09-17,-0.00452000
2019-09-18,-0.00542000
2019-09-19,-0.00541000
2019-09-20,-0.00543000
2019-09-23,-0.00541000
2019-09-24,-0.00539000
2019-09-25,-0.00540000
2019-09-26,-0.00542000
2019-09-27,-0.00537000
2019-09-30,-0.00536000
2019-10-01,-0.00549000
2019-10-02,-0.00551000
2019-10-03,-0.00555000
2019-10-04,-0.00553000
2019-10-07,-0.00554000
2019-10-08,-0.00552000
2019-10-09,-0.00552000
2019-10-10,-0.00552000
2019-10-11,-0.00550000
2019-10-14,-0.00549000
2019-10-15,-0.00551000
2019-10-16,-0.00548000
2019-10-17,-0.00548000
2019-10-18,-0.00547000
2019-10-21,-0.00549000
2019-10-22,-0.00548000
2019-10-23,-0.00547000
2019-10-24,-0.00548000
2019-10-25,-0.00548000
2019-10-28,-0.00548000
2019-10-29,-0.00545000
2019-10-30,-0.00545000
2019-10-31,-0.00543000
2019-11-01,-0.00549000
2019-11-04,-0.00536000
2019-11-05,-0.00541000
2019-11-06,-0.00539000
2019-11-07,-0.00537000
2019-11-08,-0.00540000
2019-11-11,-0.00541000
2019-11-12,-0.00537000
2019-11-13,-0.00531000
2019-11-14,-0.00536000
2019-11-15,-0.00541000
2019-11-18,-0.00541000
2019-11-19,-0.00542000
2019-11-20,-0.00511000
2019-11-21,-0.00542000
2019-11-22,-0.00536000
2019-11-25,-0.00533000
2019-11-26,-0.00533000
2019-11-27,-0.00533000
2019-11-28,-0.00531000
2019-11-29,-0.00532000
2019-12-02,-0.00541000
2019-12-03,-0.00539000
2019-12-04,-0.00540000
2019-12-05,-0.00540000
2019-12-06,-0.00541000
2019-12-09,-0.00541000
2019-12-10,-0.00544000
2019-12-11,-0.00544000
2019-12-12,-0.00544000
2019-12-13,-0.00543000
2019-12-16,-0.00543000
2019-12-17,-0.00536000
2019-12-18,-0.00540000
2019-12-19,-0.00540000
2019-12-20,-0.00540000
2019-12-23,-0.00545000
2019-12-24,-0.00549000
2019-12-27,-0.00542000
2019-12-30,-0.00541000
2019-12-31,-0.00531000
2020-01-02,-0.00539000
2020-01-03,-0.00537000
2020-01-06,-0.00539000
2020-01-07,-0.00540000
2020-01-08,-0.00536000
2020-01-09,-0.00539000
2020-01-10,-0.00538000
2020-01-13,-0.00537000
2020-01-14,-0.00538000
2020-01-15,-0.00538000
2020-01-16,-0.00536000
2020-01-17,-0.00537000
2020-01-20,-0.00538000
2020-01-21,-0.00535000
2020-01-22,-0.00536000
2020-01-23,-0.00537000
2020-01-24,-0.00537000
2020-01-27,-0.00538000
2020-01-28,-0.00536000
2020-01-29,-0.00540000
2020-01-30,-0.00539000
2020-01-31,-0.00539000
2020-02-03,-0.00537000
2020-02-04,-0.00536000
2020-02-05,-0.00536000
2020-02-06,-0.00535000
2020-02-07,-0.00537000
2020-02-10,-0.00537000
2020-02-11,-0.00541000
2020-02-12,-0.00541000
2020-02-13,-0.00540000
2020-02-14,-0.00538000
2020-02-17,-0.00541000
2020-02-18,-0.00536000
2020-02-19,-0.00538000
2020-02-20,-0.00538000
2020-02-21,-0.00539000
2020-02-24,-0.00540000
2020-02-25,-0.00539000
2020-02-26,-0.00539000
2020-02-27,-0.00538000
2020-02-28,-0.00540000
2020-03-02,-0.00542000
2020-03-03,-0.00542000
2020-03-04,-0.00541000
2020-03-05,-0.00540000
2020-03-06,-0.00541000
2020-03-09,-0.00539000
2020-03-10,-0.00541000
2020-03-11,-0.00543000
2020-03-12,-0.00540000
2020-03-13,-0.00541000
2020-03-16,-0.00536000
2020-03-17,-0.00531000
2020-03-18,-0.00529000
2020-03-19,-0.00526000
2020-03-20,-0.00524000
2020-03-23,-0.00525000
2020-03-24,-0.00527000
2020-03-25,-0.00527000
2020-03-26,-0.00529000
2020-03-27,-0.00530000
2020-03-30,-0.00528000
2020-03-31,-0.00522000
2020-04-01,-0.00527000
2020-04-02,-0.00534000
2020-04-03,-0.00539000
2020-04-06,-0.00533000
2020-04-07,-0.00533000
2020-04-08,-0.00535000
2020-04-09,-0.00536000
2020-04-14,-0.00534000
2020-04-15,-0.00535000
2020-04-16,-0.00534000
2020-04-17,-0.00538000
2020-04-20,-0.00541000
2020-04-21,-0.00541000
2020-04-22,-0.00539000
2020-04-23,-0.00539000
2020-04-24,-0.00539000
2020-04-27,-0.00539000
2020-04-28,-0.00541000
2020-04-29,-0.00543000
2020-04-30,-0.00531000
2020-05-04,-0.00543000
2020-05-05,-0.00539000
2020-05-06,-0.00542000
2020-05-07,-0.00541000
2020-05-08,-0.00541000
2020-05-11,-0.00544000
2020-05-12,-0.00543000
2020-05-13,-0.00542000
2020-05-14,-0.00541000
2020-05-15,-0.00543000
2020-05-18,-0.00542000
2020-05-19,-0.00542000
2020-05-20,-0.00545000
2020-05-21,-0.00545000
2020-05-22,-0.00539000
2020-05-25,-0.00540000
2020-05-26,-0.00541000
2020-05-27,-0.00541000
2020-05-28,-0.00541000
2020-05-29,-0.00540000
2020-06-01,-0.00546000
2020-06-02,-0.00542000
2020-06-03,-0.00543000
2020-06-04,-0.00545000
2020-06-05,-0.00544000
2020-06-08,-0.00547000
2020-06-09,-0.00542000
2020-06-10,-0.00548000
2020-06-11,-0.00547000
2020-06-12,-0.00546000
2020-06-15,-0.00547000
2020-06-16,-0.00546000
2020-06-17,-0.00544000
2020-06-18,-0.00544000
2020-06-19,-0.00546000
2020-06-22,-0.00545000
2020-06-23,-0.00544000
2020-06-24,-0.00546000
2020-06-25,-0.00547000
2020-06-26,-0.00547000
2020-06-29,-0.00545000
2020-06-30,-0.00555000
2020-07-01,-0.00548000
2020-07-02,-0.00548000
2020-07-03,-0.00549000
2020-07-06,-0.00550000
2020-07-07,-0.00550000
2020-07-08,-0.00549000
2020-07-09,-0.00549000
2020-07-10,-0.00549000
2020-07-13,-0.00552000
2020-07-14,-0.00551000
2020-07-15,-0.00551000
2020-07-16,-0.00541000
2020-07-17,-0.00551000
2020-07-20,-0.00551000
2020-07-21,-0.00549000
2020-07-22,-0.00550000
2020-07-23,-0.00550000
2020-07-24,-0.00551000
2020-07-27,-0.00552000
2020-07-28,-0.00551000
2020-07-29,-0.00553000
2020-07-30,-0.00552000
2020-07-31,-0.00550000
2020-08-03,-0.00552000
2020-08-04,-0.00551000
2020-08-05,-0.00552000
2020-08-06,-0.00553000
2020-08-07,-0.00553000
2020-08-10,-0.00554000
2020-08-11,-0.00552000
2020-08-12,-0.00552000
2020-08-13,-0.00552000
2020-08-14,-0.00549000
2020-08-17,-0.00553000
2020-08-18,-0.00554000
2020-08-19,-0.00553000
2020-08-20,-0.00553000
2020-08-21,-0.00554000
2020-08-24,-0.00552000
2020-08-25,-0.00553000
2020-08-26,-0.00554000
2020-08-27,-0.00552000
2020-08-28,-0.00552000
2020-08-31,-0.00557000
2020-09-01,-0.00554000
2020-09-02,-0.00555000
2020-09-03,-0.00551000
2020-09-04,-0.00552000
2020-09-07,-0.00551000
2020-09-08,-0.00553000
2020-09-09,-0.00554000
2020-09-10,-0.00554000
2020-09-11,-0.00553000
2020-09-14,-0.00555000
2020-09-15,-0.00551000
2020-09-16,-0.00556000
2020-09-17,-0.00553000
2020-09-18,-0.00552000
2020-09-21,-0.00552000
2020-09-22,-0.00552000
2020-09-23,-0.00551000
2020-09-24,-0.00553000
2020-09-25,-0.00554000
2020-09-28,-0.00555000
2020-09-29,-0.00556000
2020-09-30,-0.00570000
2020-10-01,-0.00558000
2020-10-02,-0.00555000
2020-10-05,-0.00555000
2020-10-06,-0.00556000
2020-10-07,-0.00555000
2020-10-08,-0.00553000
2020-10-09,-0.00553000
2020-10-12,-0.00556000
2020-10-13,-0.00555000
2020-10-14,-0.00556000
2020-10-15,-0.00556000
2020-10-16,-0.00553000
2020-10-19,-0.00553000
2020-10-20,-0.00553000
2020-10-21,-0.00552000
2020-10-22,-0.00554000
2020-10-23,-0.00553000
2020-10-26,-0.00552000
2020-10-27,-0.00554000
2020-10-28,-0.00555000
2020-10-29,-0.00552000
2020-10-30,-0.00557000
2020-11-02,-0.00555000
2020-11-03,-0.00553000
2020-11-04,-0.00558000
2020-11-05,-0.00556000
2020-11-06,-0.00558000
2020-11-09,-0.00558000
2020-11-10,-0.00557000
2020-11-11,-0.00558000
2020-11-12,-0.00548000
2020-11-13,-0.00556000
2020-11-16,-0.00558000
2020-11-17,-0.00557000
2020-11-18,-0.00557000
2020-11-19,-0.00557000
2020-11-20,-0.00557000
2020-11-23,-0.00557000
2020-11-24,-0.00556000
2020-11-25,-0.00554000
2020-11-26,-0.00556000
2020-11-27,-0.00557000
2020-11-30,-0.00560000
2020-12-01,-0.00557000
2020-12-02,-0.00556000
2020-12-03,-0.00556000
2020-12-04,-0.00555000
2020-12-07,-0.00555000
2020-12-08,-0.00559000
2020-12-09,-0.00556000
2020-12-10,-0.00556000
2020-12-11,-0.00557000
2020-12-14,-0.00558000
2020-12-15,-0.00551000
2020-12-16,-0.00557000
2020-12-17,-0.00556000
2020-12-18,-0.00558000
2020-12-21,-0.00557000
2020-12-22,-0.00558000
2020-12-23,-0.00559000
2020-12-24,-0.00555000
2020-12-28,-0.00553000
2020-12-29,-0.00557000
2020-12-30,-0.00555000
2020-12-31,-0.00583000
2021-01-04,-0.00566000
2021-01-05,-0.00563000
2021-01-06,-0.00566000
2021-01-07,-0.00565000
2021-01-08,-0.00562000
2021-01-11,-0.00564000
2021-01-12,-0.00563000
2021-01-13,-0.00562000
2021-01-14,-0.00564000
2021-01-15,-0.00566000
2021-01-18,-0.00565000
2021-01-19,-0.00564000
2021-01-20,-0.00564000
2021-01-21,-0.00562000
2021-01-22,-0.00561000
2021-01-25,-0.00564000
2021-01-26,-0.00558000
2021-01-27,-0.00563000
2021-01-28,-0.00561000
2021-01-29,-0.00564000
2021-02-01,-0.00566000
2021-02-02,-0.00564000
2021-02-03,-0.00558000
2021-02-04,-0.00564000
2021-02-05,-0.00565000
2021-02-08,-0.00563000
2021-02-09,-0.00564000
2021-02-10,-0.00564000
2021-02-11,-0.00565000
2021-02-12,-0.00564000
2021-02-15,-0.00563000
2021-02-16,-0.00564000
2021-02-17,-0.00563000
2021-02-18,-0.00562000
2021-02-19,-0.00563000
2021-02-22,-0.00564000
2021-02-23,-0.00565000
2021-02-24,-0.00564000
2021-02-25,-0.00564000
2021-02-26,-0.00566000
2021-03-01,-0.00563000
2021-03-02,-0.00565000
2021-03-03,-0.00565000
2021-03-04,-0.00565000
2021-03-05,-0.00562000
2021-03-08,-0.00558000
2021-03-09,-0.00560000
2021-03-10,-0.00562000
2021-03-11,-0.00561000
2021-03-12,-0.00562000
2021-03-15,-0.00564000
2021-03-16,-0.00562000
2021-03-17,-0.00561000
2021-03-18,-0.00566000
2021-03-19,-0.00565000
2021-03-22,-0.00566000
2021-03-23,-0.00563000
2021-03-24,-0.00564000
2021-03-25,-0.00564000
2021-03-26,-0.00568000
2021-03-29,-0.00570000
2021-03-30,-0.00570000
2021-03-31,-0.00574000
2021-04-01,-0.00566000
2021-04-06,-0.00567000
2021-04-07,-0.00567000
2021-04-08,-0.00570000
2021-04-09,-0.00568000
2021-04-12,-0.00567000
2021-04-13,-0.00563000
2021-04-14,-0.00560000
2021-04-15,-0.00566000
2021-04-16,-0.00565000
2021-04-19,-0.00567000
2021-04-20,-0.00567000
2021-04-21,-0.00565000
2021-04-22,-0.00565000
2021-04-23,-0.00565000
2021-04-26,-0.00567000
2021-04-27,-0.00560000
2021-04-28,-0.00566000
2021-04-29,-0.00566000
2021-04-30,-0.00569000
2021-05-03,-0.00567000
2021-05-04,-0.00564000
2021-05-05,-0.00566000
2021-05-06,-0.00565000
2021-05-07,-0.00563000
2021-05-10,-0.00567000
2021-05-11,-0.00564000
2021-05-12,-0.00564000
2021-05-13,-0.00564000
2021-05-14,-0.00564000
2021-05-17,-0.00565000
2021-05-18,-0.00558000
2021-05-19,-0.00564000
2021-05-20,-0.00563000
2021-05-21,-0.00564000
2021-05-24,-0.00566000
2021-05-25,-0.00565000
2021-05-26,-0.00565000
2021-05-27,-0.00564000
2021-05-28,-0.00566000
2021-05-31,-0.00571000
2021-06-01,-0.00564000
2021-06-02,-0.00563000
2021-06-03,-0.00563000
2021-06-04,-0.00563000
2021-06-07,-0.00564000
2021-06-08,-0.00563000
2021-06-09,-0.00564000
2021-06-10,-0.00561000
2021-06-11,-0.00566000
2021-06-14,-0.00565000
2021-06-15,-0.00561000
2021-06-16,-0.00562000
2021-06-17,-0.00563000
2021-06-18,-0.00563000
2021-06-21,-0.00564000
2021-06-22,-0.00564000
2021-06-23,-0.00563000
2021-06-24,-0.00565000
2021-06-25,-0.00565000
2021-06-28,-0.00566000
2021-06-29,-0.00568000
2021-06-30,-0.00581000
2021-07-01,-0.00565000
2021-07-02,-0.00565000
2021-07-05,-0.00566000
2021-07-06,-0.00565000
2021-07-07,-0.00565000
2021-07-08,-0.00566000
2021-07-09,-0.00566000
2021-07-12,-0.00568000
2021-07-13,-0.00566000
2021-07-14,-0.00566000
2021-07-15,-0.00566000
2021-07-16,-0.00567000
2021-07-19,-0.00566000
2021-07-20,-0.00567000
2021-07-21,-0.00568000
2021-07-22,-0.00563000
2021-07-23,-0.00567000
2021-07-26,-0.00567000
2021-07-27,-0.00563000
2021-07-28,-0.00567000
2021-07-29,-0.00567000
2021-07-30,-0.00571000
2021-08-02,-0.00565000
2021-08-03,-0.00570000
2021-08-04,-0.00570000
2021-08-05,-0.00566000
2021-08-06,-0.00569000
2021-08-09,-0.00568000
2021-08-10,-0.00567000
2021-08-11,-0.00567000
2021-08-12,-0.00568000
2021-08-13,-0.00569000
2021-08-16,-0.00569000
2021-08-17,-0.00568000
2021-08-18,-0.00567000
2021-08-19,-0.00567000
2021-08-20,-0.00567000
2021-08-23,-0.00568000
2021-08-24,-0.00567000
2021-08-25,-0.00564000
2021-08-26,-0.00570000
2021-08-27,-0.00570000
2021-08-30,-0.00568000
2021-08-31,-0.00570000
2021-09-01,-0.00569000
2021-09-02,-0.00569000
2021-09-03,-0.00568000
2021-09-06,-0.00569000
2021-09-07,-0.00569000
2021-09-08,-0.00569000
2021-09-09,-0.00570000
2021-09-10,-0.00570000
2021-09-13,-0.00571000
2021-09-14,-0.00568000
2021-09-15,-0.00573000
2021-09-16,-0.00567000
2021-09-17,-0.00571000
2021-09-20,-0.00566000
2021-09-21,-0.00571000
2021-09-22,-0.00566000
2021-09-23,-0.00570000
2021-09-24,-0.00569000
2021-09-27,-0.00571000
2021-09-28,-0.00573000
2021-09-29,-0.00572000
2021-09-30,-0.00580000
2021-10-01,-0.00571000
2021-10-04,-0.00569000
2021-10-05,-0.00569000
2021-10-06,-0.00569000
2021-10-07,-0.00568000
2021-10-08,-0.00568000
2021-10-11,-0.00570000
2021-10-12,-0.00562000
2021-10-13,-0.00569000
2021-10-14,-0.00570000
2021-10-15,-0.00572000
2021-10-18,-0.00574000
2021-10-19,-0.00573000
2021-10-20,-0.00571000
2021-10-21,-0.00573000
2021-10-22,-0.00569000
2021-10-25,-0.00571000
2021-10-26,-0.00570000
2021-10-27,-0.00573000
2021-10-28,-0.00573000
2021-10-29,-0.00578000
2021-11-01,-0.00579000
2021-11-02,-0.00569000
2021-11-03,-0.00574000
2021-11-04,-0.00573000
2021-11-05,-0.00572000
2021-11-08,-0.00575000
2021-11-09,-0.00575000
2021-11-10,-0.00576000
2021-11-11,-0.00575000
2021-11-12,-0.00572000
2021-11-15,-0.00569000
2021-11-16,-0.00571000
2021-11-17,-0.00571000
2021-11-18,-0.00571000
2021-11-19,-0.00573000
2021-11-22,-0.00573000
2021-11-23,-0.00574000
2021-11-24,-0.00570000
2021-11-25,-0.00573000
2021-11-26,-0.00573000
2021-11-29,-0.00573000
2021-11-30,-0.00575000
2021-12-01,-0.00574000
2021-12-02,-0.00575000
2021-12-03,-0.00578000
2021-12-06,-0.00578000
2021-12-07,-0.00577000
2021-12-08,-0.00577000
2021-12-09,-0.00578000
2021-12-10,-0.00577000
2021-12-13,-0.00579000
2021-12-14,-0.00577000
2021-12-15,-0.00577000
2021-12-16,-0.00577000
2021-12-17,-0.00576000
2021-12-20,-0.00576000
2021-12-21,-0.00571000
2021-12-22,-0.00574000
2021-12-23,-0.00576000
2021-12-24,-0.00580000
2021-12-27,-0.00576000
2021-12-28,-0.00575000
2021-12-29,-0.00578000
2021-12-30,-0.00580000
2021-12-31,-0.00590000
2022-01-03,-0.00578000
2022-01-04,-0.00578000
2022-01-05,-0.00578000
2022-01-06,-0.00578000
2022-01-07,-0.00580000
2022-01-10,-0.00579000
2022-01-11,-0.00579000
2022-01-12,-0.00578000
2022-01-13,-0.00578000
2022-01-14,-0.00578000
2022-01-17,-0.00578000
2022-01-18,-0.00579000
2022-01-19,-0.00578000
2022-01-20,-0.00579000
2022-01-21,-0.00579000
2022-01-24,-0.00579000
2022-01-25,-0.00578000
2022-01-26,-0.00576000
2022-01-27,-0.00573000
2022-01-28,-0.00573000
2022-01-31,-0.00579000
2022-02-01,-0.00578000
2022-02-02,-0.00578000
2022-02-03,-0.00577000
2022-02-04,-0.00578000
2022-02-07,-0.00578000
2022-02-08,-0.00574000
2022-02-09,-0.00578000
2022-02-10,-0.00572000
2022-02-11,-0.00578000
2022-02-14,-0.00578000
2022-02-15,-0.00576000
2022-02-16,-0.00576000
2022-02-17,-0.00576000
2022-02-18,-0.00576000
2022-02-21,-0.00576000
2022-02-22,-0.00575000
2022-02-23,-0.00576000
2022-02-24,-0.00576000
2022-02-25,-0.00575000
2022-02-28,-0.00580000
2022-03-01,-0.00577000
2022-03-02,-0.00578000
2022-03-03,-0.00579000
2022-03-04,-0.00577000
2022-03-07,-0.00579000
2022-03-08,-0.00579000
2022-03-09,-0.00580000
2022-03-10,-0.00576000
2022-03-11,-0.00577000
2022-03-14,-0.00577000
2022-03-15,-0.00573000
2022-03-16,-0.00577000
2022-03-17,-0.00578000
2022-03-18,-0.00578000
2022-03-21,-0.00578000
2022-03-22,-0.00578000
2022-03-23,-0.00578000
2022-03-24,-0.00579000
2022-03-25,-0.00581000
2022-03-28,-0.00580000
2022-03-29,-0.00579000
2022-03-30,-0.00579000
2022-03-31,-0.00593000
2022-04-01,-0.00582000
2022-04-04,-0.00585000
2022-04-05,-0.00586000
2022-04-06,-0.00584000
2022-04-07,-0.00582000
2022-04-08,-0.00583000
2022-04-11,-0.00584000
2022-04-12,-0.00583000
2022-04-13,-0.00585000
2022-04-14,-0.00586000
2022-04-19,-0.00580000
2022-04-20,-0.00583000
2022-04-21,-0.00585000
2022-04-22,-0.00583000
2022-04-25,-0.00585000
2022-04-26,-0.00582000
2022-04-27,-0.00583000
2022-04-28,-0.00583000
2022-04-29,-0.00586000
2022-05-02,-0.00583000
2022-05-03,-0.00579000
2022-05-04,-0.00585000
2022-05-05,-0.00585000
2022-05-06,-0.00585000
2022-05-09,-0.00586000
2022-05-10,-0.00584000
2022-05-11,-0.00584000
2022-05-12,-0.00577000
2022-05-13,-0.00586000
2022-05-16,-0.00585000
2022-05-17,-0.00585000
2022-05-18,-0.00585000
2022-05-19,-0.00585000
2022-05-20,-0.00585000
2022-05-23,-0.00586000
2022-05-24,-0.00587000
2022-05-25,-0.00587000
2022-05-26,-0.00590000
2022-05-27,-0.00585000
2022-05-30,-0.00586000
2022-05-31,-0.00589000
2022-06-01,-0.00582000
2022-06-02,-0.00585000
2022-06-03,-0.00587000
2022-06-06,-0.00590000
2022-06-07,-0.00583000
2022-06-08,-0.00582000
2022-06-09,-0.00582000
2022-06-10,-0.00581000
2022-06-13,-0.00580000
2022-06-14,-0.00578000
2022-06-15,-0.00580000
2022-06-16,-0.00582000
2022-06-17,-0.00582000
2022-06-20,-0.00581000
2022-06-21,-0.00582000
2022-06-22,-0.00579000
2022-06-23,-0.00578000
2022-06-24,-0.00580000
2022-06-27,-0.00579000
2022-06-28,-0.00581000
2022-06-29,-0.00578000
2022-06-30,-0.00591000
2022-07-01,-0.00580000
2022-07-04,-0.00580000
2022-07-05,-0.00580000
2022-07-06,-0.00580000
2022-07-07,-0.00579000
2022-07-08,-0.00579000
2022-07-11,-0.00580000
2022-07-12,-0.00580000
2022-07-13,-0.00581000
2022-07-14,-0.00582000
2022-07-15,-0.00582000
2022-07-18,-0.00582000
2022-07-19,-0.00583000
2022-07-20,-0.00582000
2022-07-21,-0.00584000
2022-07-22,-0.00582000
2022-07-25,-0.00583000
2022-07-26,-0.00581000
2022-07-27,-0.00085000
2022-07-28,-0.00087000
2022-07-29,-0.00091000
2022-08-01,-0.00088000
2022-08-02,-0.00087000
2022-08-03,-0.00087000
2022-08-04,-0.00084000
2022-08-05,-0.00085000
2022-08-08,-0.00085000
2022-08-09,-0.00085000
2022-08-10,-0.00086000
2022-08-11,-0.00085000
2022-08-12,-0.00088000
2022-08-15,-0.00088000
2022-08-16,-0.00087000
2022-08-17,-0.00087000
2022-08-18,-0.00084000
2022-08-19,-0.00084000
2022-08-22,-0.00082000
2022-08-23,-0.00080000
2022-08-24,-0.00082000
2022-08-25,-0.00080000
2022-08-26,-0.00080000
2022-08-29,-0.00081000
2022-08-30,-0.00084000
2022-08-31,-0.00091000
2022-09-01,-0.00084000
2022-09-02,-0.00083000
2022-09-05,-0.00087000
2022-09-06,-0.00085000
2022-09-07,-0.00076000
2022-09-08,-0.00086000
2022-09-09,-0.00085000
2022-09-12,-0.00086000
2022-09-13,-0.00083000
2022-09-14,0.00662000
2022-09-15,0.00660000
2022-09-16,0.00660000
2022-09-19,0.00657000
2022-09-20,0.00659000
2022-09-21,0.00661000
2022-09-22,0.00661000
2022-09-23,0.00662000
2022-09-26,0.00663000
2022-09-27,0.00662000
2022-09-28,0.00662000
2022-09-29,0.00661000
2022-09-30,0.00642000
2022-10-03,0.00656000
2022-10-04,0.00657000
2022-10-05,0.00652000
2022-10-06,0.00655000
2022-10-07,0.00656000
2022-10-10,0.00655000
2022-10-11,0.00657000
2022-10-12,0.00658000
2022-10-13,0.00658000
2022-10-14,0.00657000
2022-10-17,0.00658000
2022-10-18,0.00657000
2022-10-19,0.00656000
2022-10-20,0.00656000
2022-10-21,0.00657000
2022-10-24,0.00658000
2022-10-25,0.00656000
2022-10-26,0.00656000
2022-10-27,0.00657000
2022-10-28,0.00656000
2022-10-31,0.00648000
2022-11-01,0.00659000
2022-11-02,0.01403000
2022-11-03,0.01403000
2022-11-04,0.01401000
2022-11-07,0.01400000
2022-11-08,0.01400000
2022-11-09,0.01400000
2022-11-10,0.01402000
2022-11-11,0.01404000
2022-11-14,0.01401000
2022-11-15,0.01400000
2022-11-16,0.01401000
2022-11-17,0.01402000
2022-11-18,0.01403000
2022-11-21,0.01403000
2022-11-22,0.01404000
2022-11-23,0.01405000
2022-11-24,0.01405000
2022-11-25,0.01403000
2022-11-28,0.01403000
2022-11-29,0.01402000
2022-11-30,0.01391000
2022-12-01,0.01400000
2022-12-02,0.01400000
2022-12-05,0.01398000
2022-12-06,0.01406000
2022-12-07,0.01399000
2022-12-08,0.01400000
2022-12-09,0.01400000
2022-12-12,0.01400000
2022-12-13,0.01400000
2022-12-14,0.01402000
2022-12-15,0.01403000
2022-12-16,0.01402000
2022-12-19,0.01403000
2022-12-20,0.01403000
2022-12-21,0.01902000
2022-12-22,0.01904000
2022-12-23,0.01907000
2022-12-27,0.01906000
2022-12-28,0.01906000
2022-12-29,0.01905000
2022-12-30,0.01890000
2023-01-02,0.01906000
2023-01-03,0.01904000
2023-01-04,0.01904000
2023-01-05,0.01900000
2023-01-06,0.01898000
2023-01-09,0.01900000
2023-01-10,0.01900000
2023-01-11,0.01900000
2023-01-12,0.01900000
2023-01-13,0.01901000
2023-01-16,0.01902000
2023-01-17,0.01901000
2023-01-18,0.01902000
2023-01-19,0.01903000
2023-01-20,0.01903000
2023-01-23,0.01902000
2023-01-24,0.01904000
2023-01-25,0.01904000
2023-01-26,0.01904000
2023-01-27,0.01906000
2023-01-30,0.01904000
2023-01-31,0.01894000
2023-02-01,0.01901000
2023-02-02,0.01902000
2023-02-03,0.01898000
2023-02-06,0.01901000
2023-02-07,0.01902000
2023-02-08,0.02401000
2023-02-09,0.02401000
2023-02-10,0.02401000
2023-02-13,0.02400000
2023-02-14,0.02400000
2023-02-15,0.02405000
2023-02-16,0.02400000
2023-02-17,0.02398000
2023-02-20,0.02400000
2023-02-21,0.02398000
2023-02-22,0.02399000
2023-02-23,0.02399000
2023-02-24,0.02398000
2023-02-27,0.02398000
2023-02-28,0.02388000
2023-03-01,0.02398000
2023-03-02,0.02399000
2023-03-03,0.02400000
2023-03-06,0.02399000
2023-03-07,0.02398000
2023-03-08,0.02399000
2023-03-09,0.02401000
2023-03-10,0.02403000
2023-03-13,0.02401000
2023-03-14,0.02401000
2023-03-15,0.02400000
2023-03-16,0.02399000
2023-03-17,0.02402000
2023-03-20,0.02398000
2023-03-21,0.02399000
2023-03-22,0.02898000
2023-03-23,0.02899000
2023-03-24,0.02899000
2023-03-27,0.02898000
2023-03-28,0.02894000
2023-03-29,0.02894000
2023-03-30,0.02896000
2023-03-31,0.02884000
2023-04-03,0.02898000
2023-04-04,0.02898000
2023-04-05,0.02902000
2023-04-06,0.02903000
2023-04-11,0.02897000
2023-04-12,0.02898000
2023-04-13,0.02899000
2023-04-14,0.02896000
2023-04-17,0.02897000
2023-04-18,0.02901000
2023-04-19,0.02902000
2023-04-20,0.02904000
2023-04-21,0.02902000
2023-04-24,0.02905000
2023-04-25,0.02901000
2023-04-26,0.02900000
2023-04-27,0.02900000
2023-04-28,0.02894000
2023-05-02,0.02896000
2023-05-03,0.02896000
2023-05-04,0.02897000
2023-05-05,0.02898000
2023-05-08,0.02892000
2023-05-09,0.02894000
2023-05-10,0.03145000
2023-05-11,0.03145000
2023-05-12,0.03148000
2023-05-15,0.03145000
2023-05-16,0.03147000
2023-05-17,0.03151000
2023-05-18,0.03153000
2023-05-19,0.03151000
2023-05-22,0.03150000
2023-05-23,0.03157000
2023-05-24,0.03148000
2023-05-25,0.03148000
2023-05-26,0.03152000
2023-05-29,0.03147000
2023-05-30,0.03148000
2023-05-31,0.03144000
2023-06-01,0.03147000
2023-06-02,0.03148000
2023-06-05,0.03148000
2023-06-06,0.03145000
2023-06-07,0.03144000
2023-06-08,0.03146000
2023-06-09,0.03147000
2023-06-12,0.03147000
2023-06-13,0.03147000
2023-06-14,0.03150000
2023-06-15,0.03147000
2023-06-16,0.03144000
2023-06-19,0.03144000
2023-06-20,0.03144000
2023-06-21,0.03395000
2023-06-22,0.03397000
2023-06-23,0.03400000
2023-06-26,0.03400000
2023-06-27,0.03397000
2023-06-28,0.03400000
2023-06-29,0.03400000
2023-06-30,0.03400000
2023-07-03,0.03399000
2023-07-04,0.03401000
2023-07-05,0.03404000
2023-07-06,0.03406000
2023-07-07,0.03406000
2023-07-10,0.03402000
2023-07-11,0.03404000
2023-07-12,0.03404000
2023-07-13,0.03401000
2023-07-14,0.03402000
2023-07-17,0.03400000
2023-07-18,0.03399000
2023-07-19,0.03400000
2023-07-20,0.03403000
2023-07-21,0.03404000
2023-07-24,0.03405000
2023-07-25,0.03405000
2023-07-26,0.03402000
2023-07-27,0.03403000
2023-07-28,0.03404000
2023-07-31,0.03392000
2023-08-01,0.03404000
2023-08-02,0.03655000
2023-08-03,0.03653000
2023-08-04,0.03653000
2023-08-07,0.03653000
2023-08-08,0.03652000
2023-08-09,0.03649000
2023-08-10,0.03652000
2023-08-11,0.03653000
2023-08-14,0.03656000
2023-08-15,0.03657000
2023-08-16,0.03654000
2023-08-17,0.03654000
2023-08-18,0.03655000
2023-08-21,0.03654000
2023-08-22,0.03655000
2023-08-23,0.03652000
2023-08-24,0.03649000
2023-08-25,0.03652000
2023-08-28,0.03651000
2023-08-29,0.03652000
2023-08-30,0.03652000
2023-08-31,0.03646000
2023-09-01,0.03652000
2023-09-04,0.03652000
2023-09-05,0.03651000
2023-09-06,0.03652000
2023-09-07,0.03652000
2023-09-08,0.03653000
2023-09-11,0.03652000
2023-09-12,0.03654000
2023-09-13,0.03652000
2023-09-14,0.03653000
2023-09-15,0.03650000
2023-09-18,0.03648000
2023-09-19,0.03651000
2023-09-20,0.03901000
2023-09-21,0.03902000
2023-09-22,0.03905000
2023-09-25,0.03904000
2023-09-26,0.03904000
2023-09-27,0.03905000
2023-09-28,0.03906000
2023-09-29,0.03880000
2023-10-02,0.03899000
2023-10-03,0.03900000
2023-10-04,0.03901000
2023-10-05,0.03900000
2023-10-06,0.03899000
2023-10-09,0.03900000
2023-10-10,0.03899000
2023-10-11,0.03901000
2023-10-12,0.03901000
2023-10-13,0.03903000
2023-10-16,0.03902000
2023-10-17,0.03904000
2023-10-18,0.03903000
2023-10-19,0.03905000
2023-10-20,0.03905000
2023-10-23,0.03905000
2023-10-24,0.03904000
2023-10-25,0.03900000
2023-10-26,0.03901000
2023-10-27,0.03903000
2023-10-30,0.03899000
2023-10-31,0.03882000
2023-11-01,0.03900000
2023-11-02,0.03903000
2023-11-03,0.03902000
2023-11-06,0.03900000
2023-11-07,0.03902000
2023-11-08,0.03902000
2023-11-09,0.03902000
2023-11-10,0.03904000
2023-11-13,0.03903000
2023-11-14,0.03902000
2023-11-15,0.03899000
2023-11-16,0.03906000
2023-11-17,0.03902000
2023-11-20,0.03903000
2023-11-21,0.03901000
2023-11-22,0.03902000
2023-11-23,0.03902000
2023-11-24,0.03904000
2023-11-27,0.03903000
2023-11-28,0.03903000
2023-11-29,0.03902000
2023-11-30,0.03891000
2023-12-01,0.03904000
2023-12-04,0.03904000
2023-12-05,0.03905000
2023-12-06,0.03904000
2023-12-07,0.03903000
2023-12-08,0.03903000
2023-12-11,0.03902000
2023-12-12,0.03905000
2023-12-13,0.03905000
2023-12-14,0.03907000
2023-12-15,0.03904000
2023-12-18,0.03901000
2023-12-19,0.03901000
2023-12-20,0.03901000
2023-12-21,0.03899000
2023-12-22,0.03899000
2023-12-27,0.03900000
2023-12-28,0.03900000
2023-12-29,0.03882000
2024-01-02,0.03906000
2024-01-03,0.03904000
2024-01-04,0.03902000
2024-01-05,0.03905000
2024-01-08,0.03904000
2024-01-09,0.03904000
2024-01-10,0.03906000
2024-01-11,0.03905000
2024-01-12,0.03904000
2024-01-15,0.03902000
2024-01-16,0.03905000
2024-01-17,0.03904000
2024-01-18,0.03907000
2024-01-19,0.03904000
2024-01-22,0.03902000
2024-01-23,0.03902000
2024-01-24,0.03905000
2024-01-25,0.03905000
2024-01-26,0.03904000
2024-01-29,0.03907000
2024-01-30,0.03907000
2024-01-31,0.03894000
2024-02-01,0.03905000
2024-02-02,0.03906000
2024-02-05,0.03907000
2024-02-06,0.03908000
2024-02-07,0.03908000
2024-02-08,0.03908000
2024-02-09,0.03910000
2024-02-12,0.03909000
2024-02-13,0.03909000
2024-02-14,0.03911000
2024-02-15,0.03911000
2024-02-16,0.03909000
2024-02-19,0.03910000
2024-02-20,0.03911000
2024-02-21,0.03910000
2024-02-22,0.03909000
2024-02-23,0.03907000
2024-02-26,0.03904000
2024-02-27,0.03905000
2024-02-28,0.03906000
2024-02-29,0.03887000
2024-03-01,0.03904000
2024-03-04,0.03903000
2024-03-05,0.03911000
2024-03-06,0.03905000
2024-03-07,0.03908000
2024-03-08,0.03907000
2024-03-11,0.03904000
2024-03-12,0.03905000
2024-03-13,0.03907000
2024-03-14,0.03908000
2024-03-15,0.03909000
2024-03-18,0.03909000
2024-03-19,0.03908000
2024-03-20,0.03908000
2024-03-21,0.03907000
2024-03-22,0.03909000
2024-03-25,0.03909000
2024-03-26,0.03906000
2024-03-27,0.03906000
2024-03-28,0.03899000
2024-04-02,0.03906000
2024-04-03,0.03911000
2024-04-04,0.03912000
2024-04-05,0.03907000
2024-04-08,0.03908000
2024-04-09,0.03909000
2024-04-10,0.03907000
2024-04-11,0.03907000
2024-04-12,0.03910000
2024-04-15,0.03907000
2024-04-16,0.03911000
2024-04-17,0.03908000
2024-04-18,0.03909000
2024-04-19,0.03910000
2024-04-22,0.03910000
2024-04-23,0.03908000
2024-04-24,0.03911000
2024-04-25,0.03909000
2024-04-26,0.03907000
2024-04-29,0.03906000
2024-04-30,0.03889000
2024-05-02,0.03910000
2024-05-03,0.03908000
2024-05-06,0.03909000
2024-05-07,0.03906000
2024-05-08,0.03905000
2024-05-09,0.03901000
2024-05-10,0.03906000
2024-05-13,0.03907000
2024-05-14,0.03907000
2024-05-15,0.03908000
2024-05-16,0.03904000
2024-05-17,0.03901000
2024-05-20,0.03904000
2024-05-21,0.03912000
2024-05-22,0.03910000
2024-05-23,0.03912000
2024-05-24,0.03910000
2024-05-27,0.03911000
2024-05-28,0.03909000
2024-05-29,0.03909000
2024-05-30,0.03910000
2024-05-31,0.03892000
2024-06-03,0.03913000
2024-06-04,0.03911000
2024-06-05,0.03913000
2024-06-06,0.03911000
2024-06-07,0.03912000
2024-06-10,0.03912000
2024-06-11,0.03909000
2024-06-12,0.03662000
2024-06-13,0.03661000
2024-06-14,0.03662000
2024-06-17,0.03662000
2024-06-18,0.03666000
2024-06-19,0.03663000
2024-06-20,0.03663000
2024-06-21,0.03664000
2024-06-24,0.03663000
2024-06-25,0.03663000
2024-06-26,0.03661000
2024-06-27,0.03662000
2024-06-28,0.03656000
2024-07-01,0.03665000
2024-07-02,0.03662000
2024-07-03,0.03663000
2024-07-04,0.03663000
2024-07-05,0.03663000
2024-07-08,0.03662000
2024-07-09,0.03662000
2024-07-10,0.03663000
2024-07-11,0.03662000
2024-07-12,0.03661000
2024-07-15,0.03661000
2024-07-16,0.03662000
2024-07-17,0.03662000
2024-07-18,0.03663000
2024-07-19,0.03663000
2024-07-22,0.03664000
2024-07-23,0.03665000
2024-07-24,0.03665000
2024-07-25,0.03665000
2024-07-26,0.03663000
2024-07-29,0.03663000
2024-07-30,0.03665000
2024-07-31,0.03653000
2024-08-01,0.03664000
2024-08-02,0.03664000
2024-08-05,0.03664000
2024-08-06,0.03663000
2024-08-07,0.03663000
2024-08-08,0.03665000
2024-08-09,0.03663000
2024-08-12,0.03664000
2024-08-13,0.03664000
2024-08-14,0.03662000
2024-08-15,0.03662000
2024-08-16,0.03664000
2024-08-19,0.03664000
2024-08-20,0.03664000
2024-08-21,0.03663000
2024-08-22,0.03664000
2024-08-23,0.03664000
2024-08-26,0.03665000
2024-08-27,0.03665000
2024-08-28,0.03666000
2024-08-29,0.03664000
2024-08-30,0.03654000
2024-09-02,0.03664000
2024-09-03,0.03663000
2024-09-04,0.03663000
2024-09-05,0.03662000
2024-09-06,0.03663000
2024-09-09,0.03663000
2024-09-10,0.03664000
2024-09-11,0.03664000
2024-09-12,0.03664000
2024-09-13,0.03663000
2024-09-16,0.03662000
2024-09-17,0.03665000
2024-09-18,0.03416000
2024-09-19,0.03414000
2024-09-20,0.03412000
2024-09-23,0.03414000
2024-09-24,0.03415000
2024-09-25,0.03416000
2024-09-26,0.03415000
2024-09-27,0.03415000
2024-09-30,0.03410000
2024-10-01,0.03416000
2024-10-02,0.03410000
2024-10-03,0.03407000
2024-10-04,0.03414000
2024-10-07,0.03413000
2024-10-08,0.03414000
2024-10-09,0.03415000
2024-10-10,0.03414000
2024-10-11,0.03413000
2024-10-14,0.03413000
2024-10-15,0.03413000
2024-10-16,0.03414000
2024-10-17,0.03415000
2024-10-18,0.03415000
2024-10-21,0.03415000
2024-10-22,0.03416000
2024-10-23,0.03166000
2024-10-24,0.03166000
2024-10-25,0.03166000
2024-10-28,0.03164000
2024-10-29,0.03164000
2024-10-30,0.03165000
2024-10-31,0.03155000
2024-11-01,0.03163000
2024-11-04,0.03163000
2024-11-05,0.03163000
2024-11-06,0.03162000
2024-11-07,0.03163000
2024-11-08,0.03163000
2024-11-11,0.03162000
2024-11-12,0.03163000
2024-11-13,0.03164000
2024-11-14,0.03165000
2024-11-15,0.03165000
2024-11-18,0.03165000
2024-11-19,0.03166000
2024-11-20,0.03167000
2024-11-21,0.03167000
2024-11-22,0.03168000
2024-11-25,0.03167000
2024-11-26,0.03165000
2024-11-27,0.03165000
2024-11-28,0.03164000
2024-11-29,0.03163000
2024-12-02,0.03165000
2024-12-03,0.03164000
2024-12-04,0.03165000
2024-12-05,0.03165000
2024-12-06,0.03165000
2024-12-09,0.03164000
2024-12-10,0.03163000
2024-12-11,0.03164000
2024-12-12,0.03164000
2024-12-13,0.03167000
2024-12-16,0.03165000
2024-12-17,0.03164000
2024-12-18,0.02917000
2024-12-19,0.02919000
2024-12-20,0.02916000
2024-12-23,0.02911000
2024-12-24,0.02909000
2024-12-27,0.02916000
2024-12-30,0.02915000
2024-12-31,0.02905000
2025-01-02,0.02920000
2025-01-03,0.02919000
2025-01-06,0.02917000
2025-01-07,0.02918000
2025-01-08,0.02917000
2025-01-09,0.02920000
2025-01-10,0.02917000
2025-01-13,0.02918000
2025-01-14,0.02919000
2025-01-15,0.02920000
2025-01-16,0.02920000
2025-01-17,0.02920000
2025-01-20,0.02919000
2025-01-21,0.02921000
2025-01-22,0.02920000
2025-01-23,0.02922000
2025-01-24,0.02921000
2025-01-27,0.02921000
2025-01-28,0.02921000
2025-01-29,0.02923000
2025-01-30,0.02923000
2025-01-31,0.02912000
2025-02-03,0.02918000
2025-02-04,0.02917000
2025-02-05,0.02666000
2025-02-06,0.02669000
2025-02-07,0.02665000
2025-02-10,0.02664000
2025-02-11,0.02666000
2025-02-12,0.02665000
2025-02-13,0.02667000
2025-02-14,0.02666000
2025-02-17,0.02665000
2025-02-18,0.02666000
2025-02-19,0.02665000
2025-02-20,0.02667000
2025-02-21,0.02666000
2025-02-24,0.02666000
2025-02-25,0.02666000
2025-02-26,0.02665000
2025-02-27,0.02666000
2025-02-28,0.02658000
2025-03-03,0.02663000
2025-03-04,0.02664000
2025-03-05,0.02664000
2025-03-06,0.02666000
2025-03-07,0.02665000
2025-03-10,0.02663000
2025-03-11,0.02663000
2025-03-12,0.02412000
2025-03-13,0.02413000
2025-03-14,0.02417000
2025-03-17,0.02417000
2025-03-18,0.02417000
2025-03-19,0.02416000
2025-03-20,0.02417000
2025-03-21,0.02417000
2025-03-24,0.02418000
2025-03-25,0.02418000
2025-03-26,0.02417000
2025-03-27,0.02417000
2025-03-28,0.02417000
2025-03-31,0.02415000
2025-04-01,0.02420000
2025-04-02,0.02417000
2025-04-03,0.02416000
2025-04-04,0.02415000
2025-04-07,0.02414000
2025-04-08,0.02415000
2025-04-09,0.02415000
2025-04-10,0.02416000
2025-04-11,0.02416000
2025-04-14,0.02417000
2025-04-15,0.02416000
2025-04-16,0.02418000
2025-04-17,0.02417000
2025-04-22,0.02417000
2025-04-23,0.02167000
2025-04-24,0.02169000
2025-04-25,0.02167000
2025-04-28,0.02167000
2025-04-29,0.02167000
2025-04-30,0.02156000
2025-05-02,0.02168000
2025-05-05,0.02167000
2025-05-06,0.02167000
2025-05-07,0.02169000
2025-05-08,0.02171000
2025-05-09,0.02169000
2025-05-12,0.02170000
2025-05-13,0.02172000
2025-05-14,0.02172000
2025-05-15,0.02172000
2025-05-16,0.02170000
2025-05-19,0.02171000
2025-05-20,0.02172000
2025-05-21,0.02169000
2025-05-22,0.02173000
2025-05-23,0.02170000
2025-05-26,0.02168000
2025-05-27,0.02172000
2025-05-28,0.02167000
2025-05-29,0.02161000
2025-05-30,0.02161000
2025-06-02,0.02172000
2025-06-03,0.02172000
2025-06-04,0.02173000
2025-06-05,0.02174000
2025-06-06,0.02173000
2025-06-09,0.02170000
2025-06-10,0.02174000
2025-06-11,0.01924000
2025-06-12,0.01923000
2025-06-13,0.01925000
2025-06-16,0.01924000
2025-06-17,0.01924000
2025-06-18,0.01922000
2025-06-19,0.01917000
2025-06-20,0.01923000
2025-06-23,0.01925000
2025-06-24,0.01926000
2025-06-25,0.01925000
2025-06-26,0.01929000
2025-06-27,0.01928000
2025-06-30,0.01921000
2025-07-01,0.01921000
2025-07-02,0.01923000
2025-07-03,0.01922000
2025-07-04,0.01920000
2025-07-07,0.01920000
2025-07-08,0.01919000
2025-07-09,0.01919000
2025-07-10,0.01921000
2025-07-11,0.01923000
2025-07-14,0.01923000
2025-07-15,0.01922000
2025-07-16,0.01923000
2025-07-17,0.01925000
2025-07-18,0.01923000
2025-07-21,0.01924000
2025-07-22,0.01923000
2025-07-23,0.01924000
2025-07-24,0.01924000
2025-07-25,0.01925000
2025-07-28,0.01923000
2025-07-29,0.01923000
2025-07-30,0.01924000
2025-07-31,0.01919000
2025-08-01,0.01927000
2025-08-04,0.01925000
2025-08-05,0.01924000
2025-08-06,0.01922000
2025-08-07,0.01923000
2025-08-08,0.01922000
2025-08-11,0.01918000
2025-08-12,0.01922000
2025-08-13,0.01923000
2025-08-14,0.01926000
2025-08-15,0.01924000
2025-08-18,0.01924000
2025-08-19,0.01925000
2025-08-20,0.01926000
2025-08-21,0.01926000
2025-08-22,0.01926000
2025-08-25,0.01925000
2025-08-26,0.01926000
2025-08-27,0.01925000
2025-08-28,0.01925000
2025-08-29,0.01920000
2025-09-01,0.01925000
2025-09-02,0.01922000
2025-09-03,0.01923000
2025-09-04,0.01925000
2025-09-05,0.01923000
2025-09-08,0.01922000
2025-09-09,0.01923000
2025-09-10,0.01922000
2025-09-11,0.01925000
2025-09-12,0.01925000
2025-09-15,0.01926000
2025-09-16,0.01926000
2025-09-17,0.01927000
2025-09-18,0.01926000
2025-09-19,0.01925000
2025-09-22,0.01925000
2025-09-23,0.01927000
2025-09-24,0.01928000
2025-09-25,0.01927000
2025-09-26,0.01926000
2025-09-29,0.01926000
2025-09-30,0.01916000
2025-10-01,0.01927000
2025-10-02,0.01923000
2025-10-03,0.01921000
2025-10-06,0.01925000
2025-10-07,0.01926000
2025-10-08,0.01924000
2025-10-09,0.01927000
2025-10-10,0.01926000
2025-10-13,0.01926000
2025-10-14,0.01927000
2025-10-15,0.01928000
2025-10-16,0.01928000
2025-10-17,0.01928000
2025-10-20,0.01927000
2025-10-21,0.01928000
2025-10-22,0.01927000
2025-10-23,0.01929000
2025-10-24,0.01928000
2025-10-27,0.01929000
2025-10-28,0.01930000
2025-10-29,0.01931000
2025-10-30,0.01931000
2025-10-31,0.01921000
2025-11-03,0.01932000
2025-11-04,0.01931000
2025-11-05,0.01929000
2025-11-06,0.01930000
2025-11-07,0.01932000
2025-11-10,0.01931000
2025-11-11,0.01930000
2025-11-12,0.01930000
2025-11-13,0.01930000
2025-11-14,0.01931000
2025-11-17,0.01929000
2025-11-18,0.01930000
2025-11-19,0.01929000
2025-11-20,0.01929000
2025-11-21,0.01926000
2025-11-24,0.01924000
2025-11-25,0.01926000
2025-11-26,0.01928000
2025-11-27,0.01927000
2025-11-28,0.01925000
2025-12-01,0.01930000
2025-12-02,0.01929000
2025-12-03,0.01926000
2025-12-04,0.01929000
2025-12-05,0.01929000
2025-12-08,0.01930000
2025-12-09,0.01929000
2025-12-10,0.01929000
2025-12-11,0.01930000
2025-12-12,0.01932000
2025-12-15,0.01930000
2025-12-16,0.01932000
2025-12-17,0.01932000
2025-12-18,0.01931000
2025-12-19,0.01933000
2025-12-22,0.01932000
2025-12-23,0.01925000
2025-12-24,0.01926000
2025-12-29,0.01934000
2025-12-30,0.01930000
2025-12-31,0.01921000
